Date,ISOweekDied,KCOR,MoE,MR_num,MR_adj_num,CMR_num,MR_den,MR_adj_den,CMR_den,Sheet,YearOfBirth,Dose_num,Dose_den
2021-06-14,2021-24,0.8228900234282919,0.22221272039423381,,,,,,,2021_24,0,2,0
2021-06-21,2021-25,0.9011011705764597,0.1712077026307695,,,,,,,2021_24,0,2,0
2021-06-28,2021-26,0.9524125480866177,0.14994753858004717,,,,,,,2021_24,0,2,0
2021-07-05,2021-27,0.9143844397483664,0.12390486358413032,,,,,,,2021_24,0,2,0
2021-07-12,2021-28,1.0,0.11867552687632665,,,,,,,2021_24,0,2,0
2021-07-19,2021-29,1.0295772436387003,0.11073158796848337,,,,,,,2021_24,0,2,0
2021-07-26,2021-30,1.1102709234587766,0.10873363381130183,,,,,,,2021_24,0,2,0
2021-08-02,2021-31,1.1445871649616515,0.10445730639178256,,,,,,,2021_24,0,2,0
2021-08-09,2021-32,1.179323699284786,0.10104180782406186,,,,,,,2021_24,0,2,0
2021-08-16,2021-33,1.2074129651604968,0.09892306737422261,,,,,,,2021_24,0,2,0
2021-08-23,2021-34,1.2202783167302318,0.09534185019711608,,,,,,,2021_24,0,2,0
2021-08-30,2021-35,1.245488442897745,0.09304209085261252,,,,,,,2021_24,0,2,0
2021-09-06,2021-36,1.2431743540553197,0.08868637388774679,,,,,,,2021_24,0,2,0
2021-09-13,2021-37,1.24401280489639,0.08529336896470122,,,,,,,2021_24,0,2,0
2021-09-20,2021-38,1.2572148518956363,0.08297349657910262,,,,,,,2021_24,0,2,0
2021-09-27,2021-39,1.2636670151071523,0.08059310280386318,,,,,,,2021_24,0,2,0
2021-10-04,2021-40,1.2711242062582457,0.07849274663094553,,,,,,,2021_24,0,2,0
2021-10-11,2021-41,1.2743871750213056,0.07594917090349355,,,,,,,2021_24,0,2,0
2021-10-18,2021-42,1.2801236776304004,0.07380954910403721,,,,,,,2021_24,0,2,0
2021-10-25,2021-43,1.2784513144524268,0.07066324292634256,,,,,,,2021_24,0,2,0
2021-11-01,2021-44,1.2715131011174774,0.0677287038056705,,,,,,,2021_24,0,2,0
2021-11-08,2021-45,1.286256763505259,0.06630943880507002,,,,,,,2021_24,0,2,0
2021-11-15,2021-46,1.2483396790180146,0.06162350976204638,,,,,,,2021_24,0,2,0
2021-11-22,2021-47,1.2267886664168985,0.05835436814433249,,,,,,,2021_24,0,2,0
2021-11-29,2021-48,1.2200227250385696,0.05595358827585867,,,,,,,2021_24,0,2,0
2021-12-06,2021-49,1.2051005398666153,0.053459738342473376,,,,,,,2021_24,0,2,0
2021-12-13,2021-50,1.1839660872658524,0.050992632309590905,,,,,,,2021_24,0,2,0
2021-12-20,2021-51,1.1680691184093515,0.04893400233584201,,,,,,,2021_24,0,2,0
2021-12-27,2021-52,1.1587273037225276,0.047497167962082976,,,,,,,2021_24,0,2,0
2022-01-03,2022-01,1.1514115087447963,0.04625747026106733,,,,,,,2021_24,0,2,0
2022-01-10,2022-02,1.1522881110037928,0.04543674656372553,,,,,,,2021_24,0,2,0
2022-01-17,2022-03,1.1543635684866898,0.04482037544821564,,,,,,,2021_24,0,2,0
2022-01-24,2022-04,1.1606082313127348,0.04430882930788509,,,,,,,2021_24,0,2,0
2022-01-31,2022-05,1.1548079033868182,0.04328193576257519,,,,,,,2021_24,0,2,0
2022-02-07,2022-06,1.1527151576085506,0.04234344680436929,,,,,,,2021_24,0,2,0
2022-02-14,2022-07,1.1458329656190935,0.041330976053533856,,,,,,,2021_24,0,2,0
2022-02-21,2022-08,1.1442563748463392,0.04061036609888768,,,,,,,2021_24,0,2,0
2022-02-28,2022-09,1.145362307179273,0.04003879507653418,,,,,,,2021_24,0,2,0
2022-03-07,2022-10,1.1397941107536311,0.039315727487598394,,,,,,,2021_24,0,2,0
2022-03-14,2022-11,1.1417777718690576,0.03886205435665421,,,,,,,2021_24,0,2,0
2022-03-21,2022-12,1.136997558828397,0.03813554260287039,,,,,,,2021_24,0,2,0
2022-03-28,2022-13,1.1426711568809664,0.03779323907056137,,,,,,,2021_24,0,2,0
2022-04-04,2022-14,1.1491018848545242,0.037517646088169834,,,,,,,2021_24,0,2,0
2022-04-11,2022-15,1.1590125939976954,0.03743462247933927,,,,,,,2021_24,0,2,0
2022-04-18,2022-16,1.1673389309188866,0.03728129265927078,,,,,,,2021_24,0,2,0
2022-04-25,2022-17,1.1766687597609264,0.037144507349753254,,,,,,,2021_24,0,2,0
2022-05-02,2022-18,1.1829279736117284,0.036965950558674965,,,,,,,2021_24,0,2,0
2022-05-09,2022-19,1.1868623202802695,0.03668808468721472,,,,,,,2021_24,0,2,0
2022-05-16,2022-20,1.1903372060864104,0.03643874584099601,,,,,,,2021_24,0,2,0
2022-05-23,2022-21,1.1955740998005195,0.0362732286925616,,,,,,,2021_24,0,2,0
2022-05-30,2022-22,1.200278718806757,0.03606469259281796,,,,,,,2021_24,0,2,0
2022-06-06,2022-23,1.2044038086274695,0.03586412437287495,,,,,,,2021_24,0,2,0
2022-06-13,2022-24,1.2057044376083736,0.035607635567492094,,,,,,,2021_24,0,2,0
2022-06-20,2022-25,1.209360928165694,0.03542031291198226,,,,,,,2021_24,0,2,0
2022-06-27,2022-26,1.2104670523191794,0.03513882908936827,,,,,,,2021_24,0,2,0
2022-07-04,2022-27,1.2154789771363521,0.035005860832108084,,,,,,,2021_24,0,2,0
2022-07-11,2022-28,1.210425060352071,0.03455864074693363,,,,,,,2021_24,0,2,0
2022-07-18,2022-29,1.2148141299851365,0.034322390450792814,,,,,,,2021_24,0,2,0
2022-07-25,2022-30,1.2153574896086228,0.034037543322014426,,,,,,,2021_24,0,2,0
2022-08-01,2022-31,1.2219715895217174,0.033859879439422785,,,,,,,2021_24,0,2,0
2022-08-08,2022-32,1.2204428717281304,0.0335172059087628,,,,,,,2021_24,0,2,0
2022-08-15,2022-33,1.2245711182282846,0.033340096746754165,,,,,,,2021_24,0,2,0
2022-08-22,2022-34,1.2229612256621767,0.03300300919542862,,,,,,,2021_24,0,2,0
2022-08-29,2022-35,1.2256743609880456,0.03280857343290576,,,,,,,2021_24,0,2,0
2022-09-05,2022-36,1.2236353480653706,0.03245504318068357,,,,,,,2021_24,0,2,0
2022-09-12,2022-37,1.2282106208395775,0.03232136383110848,,,,,,,2021_24,0,2,0
2022-09-19,2022-38,1.2303951852221648,0.03210815686967739,,,,,,,2021_24,0,2,0
2022-09-26,2022-39,1.2309795872711629,0.03184277675379259,,,,,,,2021_24,0,2,0
2022-10-03,2022-40,1.2278692544752072,0.031451695268854205,,,,,,,2021_24,0,2,0
2022-10-10,2022-41,1.22861968226316,0.031192492221682667,,,,,,,2021_24,0,2,0
2022-10-17,2022-42,1.234324786561762,0.031082226508015832,,,,,,,2021_24,0,2,0
2022-10-24,2022-43,1.2342572241835512,0.030829274641229785,,,,,,,2021_24,0,2,0
2022-10-31,2022-44,1.2362560125798663,0.03065205059353845,,,,,,,2021_24,0,2,0
2022-11-07,2022-45,1.2397049455946387,0.0305131517542371,,,,,,,2021_24,0,2,0
2022-11-14,2022-46,1.241461001175952,0.030335088289200094,,,,,,,2021_24,0,2,0
2022-11-21,2022-47,1.2455592085857712,0.03021459402487675,,,,,,,2021_24,0,2,0
2022-11-28,2022-48,1.2464920724353863,0.03001941456551248,,,,,,,2021_24,0,2,0
2022-12-05,2022-49,1.2466840985859775,0.02980512688102401,,,,,,,2021_24,0,2,0
2022-12-12,2022-50,1.2482572935900533,0.029590878585330906,,,,,,,2021_24,0,2,0
2022-12-19,2022-51,1.2538159008440248,0.029440683741615126,,,,,,,2021_24,0,2,0
2022-12-26,2022-52,1.2545956367619735,0.02915728256849101,,,,,,,2021_24,0,2,0
2023-01-02,2023-01,1.2568418515162318,0.028952703118420024,,,,,,,2021_24,0,2,0
2023-01-09,2023-02,1.2559811327301489,0.02868786360302564,,,,,,,2021_24,0,2,0
2023-01-16,2023-03,1.253405581325495,0.028389754117800065,,,,,,,2021_24,0,2,0
2023-01-23,2023-04,1.2566676980327645,0.028276045599530748,,,,,,,2021_24,0,2,0
2023-01-30,2023-05,1.2590007627668116,0.028120587290340143,,,,,,,2021_24,0,2,0
2023-02-06,2023-06,1.2598430508072493,0.027964069629219157,,,,,,,2021_24,0,2,0
2023-02-13,2023-07,1.2600710890503555,0.027787532000216743,,,,,,,2021_24,0,2,0
2023-02-20,2023-08,1.262929183662264,0.027665412689023585,,,,,,,2021_24,0,2,0
2023-02-27,2023-09,1.2631582304446096,0.027485967459977143,,,,,,,2021_24,0,2,0
2023-03-06,2023-10,1.2661325603382174,0.02738096598928573,,,,,,,2021_24,0,2,0
2023-03-13,2023-11,1.267508458929711,0.02724913742620555,,,,,,,2021_24,0,2,0
2023-03-20,2023-12,1.2692542241994764,0.027120631677506123,,,,,,,2021_24,0,2,0
2023-03-27,2023-13,1.269642210021314,0.026965981683047504,,,,,,,2021_24,0,2,0
2023-04-03,2023-14,1.2716452788608785,0.02686222515194122,,,,,,,2021_24,0,2,0
2023-04-10,2023-15,1.2687050488378901,0.02663184359623277,,,,,,,2021_24,0,2,0
2023-04-17,2023-16,1.2691430555759895,0.026490242940136646,,,,,,,2021_24,0,2,0
2023-04-24,2023-17,1.274174193567197,0.026459723645044696,,,,,,,2021_24,0,2,0
2023-05-01,2023-18,1.27410158500753,0.02631878151761392,,,,,,,2021_24,0,2,0
2023-05-08,2023-19,1.2766186309804473,0.026250807490268223,,,,,,,2021_24,0,2,0
2023-05-15,2023-20,1.278399352744989,0.026157240623879467,,,,,,,2021_24,0,2,0
2023-05-22,2023-21,1.2794236011130875,0.02604013271532913,,,,,,,2021_24,0,2,0
2023-05-29,2023-22,1.2778845131958307,0.025862913261233387,,,,,,,2021_24,0,2,0
2023-06-05,2023-23,1.278320275164298,0.025730660848476448,,,,,,,2021_24,0,2,0
2023-06-12,2023-24,1.2756416929602123,0.025541724051951948,,,,,,,2021_24,0,2,0
2023-06-19,2023-25,1.273174371525362,0.025346740269291894,,,,,,,2021_24,0,2,0
2023-06-26,2023-26,1.2712452002218535,0.0251751304977179,,,,,,,2021_24,0,2,0
2023-07-03,2023-27,1.2707026676674598,0.02503241791169421,,,,,,,2021_24,0,2,0
2023-07-10,2023-28,1.2725582478341975,0.02494307835801076,,,,,,,2021_24,0,2,0
2023-07-17,2023-29,1.275409557319623,0.024882432492158837,,,,,,,2021_24,0,2,0
2023-07-24,2023-30,1.2726518757397096,0.02471800759569016,,,,,,,2021_24,0,2,0
2023-07-31,2023-31,1.272751992241664,0.024608097056716325,,,,,,,2021_24,0,2,0
2023-08-07,2023-32,1.273150506061065,0.02450158119615693,,,,,,,2021_24,0,2,0
2023-08-14,2023-33,1.2699447922134386,0.02430657131233855,,,,,,,2021_24,0,2,0
2023-08-21,2023-34,1.274032460849354,0.024274143632883074,,,,,,,2021_24,0,2,0
2023-08-28,2023-35,1.2781037914829498,0.024258885656162157,,,,,,,2021_24,0,2,0
2023-09-04,2023-36,1.2781430757823686,0.024160847080020167,,,,,,,2021_24,0,2,0
2023-09-11,2023-37,1.2798918751232298,0.024085596359101295,,,,,,,2021_24,0,2,0
2023-09-18,2023-38,1.277895862419647,0.02392452190566927,,,,,,,2021_24,0,2,0
2023-09-25,2023-39,1.2757502289124096,0.023765972071100268,,,,,,,2021_24,0,2,0
2023-10-02,2023-40,1.2730743598876464,0.02358375547663904,,,,,,,2021_24,0,2,0
2023-10-09,2023-41,1.2722972341410368,0.02343989687628014,,,,,,,2021_24,0,2,0
2023-10-16,2023-42,1.2699205719815545,0.02326533518165328,,,,,,,2021_24,0,2,0
2023-10-23,2023-43,1.2692176918555766,0.02313021223584154,,,,,,,2021_24,0,2,0
2023-10-30,2023-44,1.2679648489208841,0.022991395569705267,,,,,,,2021_24,0,2,0
2023-11-06,2023-45,1.2667828323731951,0.022835150971292562,,,,,,,2021_24,0,2,0
2023-11-13,2023-46,1.2626712108584248,0.02263018507181452,,,,,,,2021_24,0,2,0
2023-11-20,2023-47,1.2595301006923352,0.02242874094664384,,,,,,,2021_24,0,2,0
2023-11-27,2023-48,1.2597799341564617,0.022318679331501667,,,,,,,2021_24,0,2,0
2023-12-04,2023-49,1.2565853066641808,0.0221155585144637,,,,,,,2021_24,0,2,0
2023-12-11,2023-50,1.255813926826985,0.021973532052024205,,,,,,,2021_24,0,2,0
2023-12-18,2023-51,1.2552576233622113,0.021843430718942982,,,,,,,2021_24,0,2,0
2023-12-25,2023-52,1.2503826568473693,0.02161690960826733,,,,,,,2021_24,0,2,0
2024-01-01,2024-01,1.2476099502670799,0.021448935475903482,,,,,,,2021_24,0,2,0
2024-01-08,2024-02,1.2479378907937362,0.0213456945730813,,,,,,,2021_24,0,2,0
2024-01-15,2024-03,1.2453333807031772,0.02118849089581184,,,,,,,2021_24,0,2,0
2024-01-22,2024-04,1.2447113150899536,0.021065410028939673,,,,,,,2021_24,0,2,0
2024-01-29,2024-05,1.242399061269455,0.020917597369706414,,,,,,,2021_24,0,2,0
2024-02-05,2024-06,1.242961512289211,0.020808287641605878,,,,,,,2021_24,0,2,0
2024-02-12,2024-07,1.2404218467810417,0.020658385561641027,,,,,,,2021_24,0,2,0
2024-02-19,2024-08,1.2411371575869936,0.02057536420493661,,,,,,,2021_24,0,2,0
2024-02-26,2024-09,1.2399334394545745,0.020465905384076923,,,,,,,2021_24,0,2,0
2024-03-04,2024-10,1.2398708380501686,0.02038317334409282,,,,,,,2021_24,0,2,0
2024-03-11,2024-11,1.239170651400974,0.02027860482508161,,,,,,,2021_24,0,2,0
2024-03-18,2024-12,1.2399247401157252,0.020214209202822662,,,,,,,2021_24,0,2,0
2024-03-25,2024-13,1.2410371448154562,0.020145034214888453,,,,,,,2021_24,0,2,0
2024-04-01,2024-14,1.2396965233876136,0.02003471292253205,,,,,,,2021_24,0,2,0
2024-04-08,2024-15,1.238477150364661,0.019934720385241484,,,,,,,2021_24,0,2,0
2024-04-15,2024-16,1.236070661263107,0.019805155046831294,,,,,,,2021_24,0,2,0
2024-04-22,2024-17,1.2358411622369794,0.019732426461469426,,,,,,,2021_24,0,2,0
2024-04-29,2024-18,1.2351997213059192,0.019646603578792582,,,,,,,2021_24,0,2,0
2024-05-06,2024-19,1.231117795869104,0.01949748971432369,,,,,,,2021_24,0,2,0
2024-05-13,2024-20,1.2303274738685759,0.019409516419331144,,,,,,,2021_24,0,2,0
2024-05-20,2024-21,1.2274419188821684,0.019286322919717724,,,,,,,2021_24,0,2,0
2024-05-27,2024-22,1.2262328444858668,0.019187509891207356,,,,,,,2021_24,0,2,0
2024-06-03,2024-23,1.223430114400663,0.019065414505244065,,,,,,,2021_24,0,2,0
2024-06-10,2024-24,1.2246988471121365,0.019029543571877836,,,,,,,2021_24,0,2,0
2024-06-17,2024-25,1.224969583564808,0.01896050953270336,,,,,,,2021_24,0,2,0
2024-06-24,2024-26,1.2250753820191895,0.01888577254476612,,,,,,,2021_24,0,2,0
2024-07-01,2024-27,1.2237331862018757,0.018803715938940528,,,,,,,2021_24,0,2,0
2024-07-08,2024-28,1.223571452077493,0.0187428008881236,,,,,,,2021_24,0,2,0
2024-07-15,2024-29,1.2208624963095298,0.0186354561879641,,,,,,,2021_24,0,2,0
2024-07-22,2024-30,1.221453702071733,0.018579021850206812,,,,,,,2021_24,0,2,0
2024-07-29,2024-31,1.2184979628426964,0.018471942570333577,,,,,,,2021_24,0,2,0
2024-08-05,2024-32,1.2157392527673934,0.018365211241033366,,,,,,,2021_24,0,2,0
2024-08-12,2024-33,1.2108424759110412,0.018224452431209907,,,,,,,2021_24,0,2,0
2024-08-19,2024-34,1.210365382770221,0.01816505244979919,,,,,,,2021_24,0,2,0
2024-08-26,2024-35,1.2100188202016204,0.01810353496864312,,,,,,,2021_24,0,2,0
2024-09-02,2024-36,1.2091046820305054,0.018059037607323834,,,,,,,2021_24,0,2,0
2024-09-09,2024-37,1.20837329309522,0.01801291607471301,,,,,,,2021_24,0,2,0
2024-09-16,2024-38,1.2062567917719884,0.017950254218757473,,,,,,,2021_24,0,2,0
2024-09-23,2024-39,1.2058004738945722,0.0179186731058028,,,,,,,2021_24,0,2,0
2024-09-30,2024-40,1.205212085967767,0.017900621681291737,,,,,,,2021_24,0,2,0
2024-10-07,2024-41,1.2046441041330278,0.017889137729737454,,,,,,,2021_24,0,2,0
2021-06-14,2021-24,0.8228900234282919,0.2222127203942329,0.0005084099478879804,0.0005084099478879804,0.0005084099478879804,0.002183092980638993,0.002183092980638993,0.002183092980638993,2021_24,1940,2,0
2021-06-21,2021-25,0.9011011705764597,0.17120770263076912,0.0005009614606494773,0.0004971745883846411,0.0005027936965415534,0.001804592928550896,0.0017596211371699703,0.00197158843106019,2021_24,1940,2,0
2021-06-28,2021-26,0.9524125480866177,0.14994753858004695,0.0004626577373723354,0.00046032323906370476,0.0004886440057540991,0.0015198784097272219,0.0014945213554401107,0.0018128733203945824,2021_24,1940,2,0
2021-07-05,2021-27,0.9143844397483664,0.12390486358413012,0.0004358710284627639,0.00043476996937300266,0.0004751852564856433,0.0019227687870533568,0.0019066619649860622,0.001836259776433043,2021_24,1940,2,0
2021-07-12,2021-28,1.0,0.11867552687632665,0.0006598800639041747,0.0006598800639041747,0.0005120899248739799,0.0017017177717129556,0.0017017177717129556,0.001809448479815833,2021_24,1940,2,0
2021-07-19,2021-29,1.0295772436387003,0.11073158796848337,0.0005753628840740326,0.0005768199960597903,0.0005228639929589667,0.0017046185513958576,0.0017190185804540463,0.0017944435090292716,2021_24,1940,2,0
2021-07-26,2021-30,1.1102709234587766,0.10873363381130183,0.0007727437813444196,0.0007766626993947501,0.0005590619506155532,0.0016592029382389896,0.0016873540909977745,0.001779225358464856,2021_24,1940,2,0
2021-08-02,2021-31,1.1445871649616515,0.10445730639178231,0.0006418733421494251,0.0006467623538039043,0.0005700014845423205,0.001581282775312626,0.0016216966562233675,0.0017596532900198086,2021_24,1940,2,0
2021-08-09,2021-32,1.179323699284786,0.10104180782406186,0.0006732391314441367,0.0006800850206083857,0.0005822031880976117,0.0015676260969342405,0.0016212721632612715,0.001744381788053599,2021_24,1940,2,0
2021-08-16,2021-33,1.2074129651604968,0.09892306737422261,0.0005459233848798582,0.0005528712678985017,0.0005792782032672661,0.0011977986403366786,0.001249253622369592,0.0016952405928256082,2021_24,1940,2,0
2021-08-23,2021-34,1.2202783167302318,0.09534185019711608,0.0005888346110786133,0.0005978388265866349,0.0005809604040189756,0.001474735033870288,0.0015510798624227154,0.0016822387394625348,2021_24,1940,2,0
2021-08-30,2021-35,1.245488442897745,0.09304209085261252,0.000655076845553036,0.000666778366849729,0.0005880881197663179,0.0014282236468392438,0.001514850385003953,0.0016684096562451197,2021_24,1940,2,0
2021-09-06,2021-36,1.2431743540553197,0.08868637388774679,0.0006399913116331027,0.0006530730985904119,0.00059306860181667,0.001771579956766948,0.0018949058683846187,0.0016856712531884718,2021_24,1940,2,0
2021-09-13,2021-37,1.24401280489639,0.08529336896470122,0.000609351409464741,0.0006233816312658276,0.0005952251480519983,0.0016281871763977986,0.0017562428650315961,0.0016906605218243334,2021_24,1940,2,0
2021-09-20,2021-38,1.2572148518956363,0.08297349657910262,0.0006835110721026509,0.0007010196629171015,0.0006022477518994465,0.0015819172184350434,0.0017207483288785626,0.0016926441917893152,2021_24,1940,2,0
2021-09-27,2021-39,1.2636670151071523,0.0805931028038629,0.0006373436759185133,0.0006553250828042887,0.0006055495747847409,0.001551755116708319,0.0017021982892491529,0.001693234250270031,2021_24,1940,2,0
2021-10-04,2021-40,1.2711242062582457,0.07849274663094553,0.0006494163030713113,0.0006694293691967008,0.0006092884249193721,0.001537807152439224,0.0017011483977327235,0.0016936939222567174,2021_24,1940,2,0
2021-10-11,2021-41,1.2743871750213056,0.07594917090349355,0.0007393370092650601,0.0007640512414399366,0.0006178405035852666,0.0018351028968410013,0.0020471709259926936,0.0017130694659498959,2021_24,1940,2,0
2021-10-18,2021-42,1.2801236776304004,0.07380954910403721,0.000751566412380207,0.0007786564170765184,0.0006262558213212604,0.001789231779382797,0.0020128603630166007,0.001728621204094923,2021_24,1940,2,0
2021-10-25,2021-43,1.2784513144524268,0.07066324292634256,0.000982057957007685,0.0010200326829860327,0.0006458230763228633,0.0025324365657529067,0.0028730221918129946,0.0017849635649307327,2021_24,1940,2,0
2021-11-01,2021-44,1.2715131011174774,0.0677287038056705,0.0008933029584321558,0.0009301954381077066,0.000659272355477915,0.0024399492226783387,0.0027914802123928145,0.0018320782405346597,2021_24,1940,2,0
2021-11-08,2021-45,1.286256763505259,0.06630943880507002,0.000983902265708273,0.0010271310503988172,0.0006758702565443793,0.0020658083921400124,0.002383401250968429,0.0018566739914557743,2021_24,1940,2,0
2021-11-15,2021-46,1.2483396790180146,0.06162350976204638,0.0009926877215471858,0.001038926950480473,0.0006915295166603478,0.0036267885532591413,0.004219711138890767,0.001957392579451332,2021_24,1940,2,0
2021-11-22,2021-47,1.2267886664168985,0.05835436814433249,0.0009858499239095992,0.0010343836183662563,0.0007056924587794302,0.0032410870107205184,0.0038028092057446573,0.002032570939333366,2021_24,1940,2,0
2021-11-29,2021-48,1.2200227250385696,0.05595358827585867,0.0011512932469210737,0.0012110309669774628,0.000725720365007885,0.003218275804568951,0.0038079432438361113,0.0021018483625194974,2021_24,1940,2,0
2021-12-06,2021-49,1.2051005398666153,0.053459738342473376,0.0010428468936100144,0.0010997356598744213,0.0007399627059832631,0.0032788530705789853,0.003912393446260246,0.00216963431733851,2021_24,1940,2,0
2021-12-13,2021-50,1.1839660872658524,0.05099263230959065,0.0009026510468789859,0.0009543026077111865,0.0007478173747517685,0.003239287692385156,0.003897834974733205,0.002231805168582667,2021_24,1940,2,0
2021-12-20,2021-51,1.1680691184093515,0.04893400233584201,0.0009231071393498969,0.000978400790223653,0.0007559614947806089,0.0031487842661817203,0.003820939790557416,0.0022868154809869414,2021_24,1940,2,0
2021-12-27,2021-52,1.1587273037225276,0.047497167962082976,0.000790280726586459,0.0008397394184263524,0.0007588170057642033,0.002533740984104998,0.003100579449519127,0.0023139597761129634,2021_24,1940,2,0
2022-01-03,2022-01,1.1514115087447963,0.04625747026106733,0.0007712314914279193,0.0008215733981734481,0.000760883928464063,0.0024047010211512084,0.0029675298490368656,0.002335005111021252,2021_24,1940,2,0
2022-01-10,2022-02,1.1522881110037928,0.04543674656372553,0.0008269572305596137,0.0008831675987700554,0.0007647800910543656,0.002138892189648441,0.0026618051632814185,0.002345176228659425,2021_24,1940,2,0
2022-01-17,2022-03,1.1543635684866898,0.04482037544821564,0.0007251717356433732,0.0007764248232626819,0.000765139367237236,0.0017862307129612302,0.002241704075337686,0.002342059510338513,2021_24,1940,2,0
2022-01-24,2022-04,1.1606082313127348,0.04430882930788509,0.0008637383700980876,0.0009271269823100535,0.0007699841947832098,0.0019087221786700296,0.0024156655680200923,0.002344208060448048,2021_24,1940,2,0
2022-01-31,2022-05,1.1548079033868182,0.04328193576257519,0.0008210634350451979,0.0008835521422115138,0.0007732794511333003,0.002441689717583581,0.0031162904146266684,0.0023660652254771956,2021_24,1940,2,0
2022-02-07,2022-06,1.1527151576085506,0.04234344680436929,0.0009797646984458087,0.0010570017939593467,0.0007812733431948052,0.0026530647176625645,0.00341466933109971,0.002394864758791655,2021_24,1940,2,0
2022-02-14,2022-07,1.1458329656190935,0.041330976053533856,0.0008541803427794079,0.0009238510872941482,0.0007851766740487075,0.0026086359579872314,0.0033858494737681135,0.0024212858667664156,2021_24,1940,2,0
2022-02-21,2022-08,1.1442563748463392,0.04061036609888768,0.0008469947517988744,0.0009183993874100859,0.0007887237532181524,0.0022713194301053068,0.0029729372774473803,0.002435575351388903,2021_24,1940,2,0
2022-02-28,2022-09,1.145362307179273,0.04003879507653418,0.0008516740346373849,0.000925811854795744,0.0007922761543113964,0.002104028697571744,0.002777234488788317,0.0024441828287969777,2021_24,1940,2,0
2022-03-07,2022-10,1.1397941107536311,0.039315727487598394,0.0006779553500985216,0.0007388374274701658,0.0007909274802791478,0.0020738999688915006,0.002760590926794429,0.002451942305997196,2021_24,1940,2,0
2022-03-14,2022-11,1.1417777718690576,0.03886205435665421,0.0008053701925747249,0.0008799172093739106,0.0007931166473059004,0.001905025804440442,0.002557222248586733,0.0024544572508689083,2021_24,1940,2,0
2022-03-21,2022-12,1.136997558828397,0.03813554260287039,0.0008020487979194377,0.0008785075870472884,0.0007951652363715338,0.002342448639644642,0.0031709620847016687,0.0024711428037850285,2021_24,1940,2,0
2022-03-28,2022-13,1.1426711568809664,0.03779323907056137,0.0009457467226697078,0.0010385275784088126,0.0008008624186364418,0.0019827121415030347,0.00270666182861692,0.002476490349195466,2021_24,1940,2,0
2022-04-04,2022-14,1.1491018848545242,0.037517646088169834,0.0009187995942962831,0.0010114919905310057,0.0008056760715566722,0.0018298102225397766,0.0025190323335594297,0.002477433004418078,2021_24,1940,2,0
2022-04-11,2022-15,1.1590125939976954,0.03743462247933927,0.0008639085292056819,0.0009534718590317458,0.0008089753098956871,0.0014141555221900207,0.0019632618459004946,0.0024663068127281193,2021_24,1940,2,0
2022-04-18,2022-16,1.1673389309188866,0.03728129265927078,0.0008885630381683647,0.00098316594350224,0.0008127756385981813,0.0015560256656817666,0.002178467921772372,0.002460218608469286,2021_24,1940,2,0
2022-04-25,2022-17,1.1766687597609264,0.037144507349753254,0.0009531633857639665,0.0010573150117948451,0.0008179923183349807,0.0016109826994466624,0.0022744618146581116,0.002456376832847167,2021_24,1940,2,0
2022-05-02,2022-18,1.1829279736117284,0.036965950558674965,0.0008183469391828506,0.0009100661772728667,0.0008199136794350253,0.001473270660867125,0.0020976048285923986,0.002449118624026789,2021_24,1940,2,0
2022-05-09,2022-19,1.1868623202802695,0.03668808468721472,0.0008469836196564123,0.0009442978210362362,0.0008224541838502196,0.0016862221597695496,0.0024210808159676263,0.002448563450223427,2021_24,1940,2,0
2022-05-16,2022-20,1.1903372060864104,0.03643874584099601,0.0007757269441156713,0.0008670443594803498,0.0008233459532022452,0.001530719966218594,0.0022163768304805935,0.002444062668104205,2021_24,1940,2,0
2022-05-23,2022-21,1.1955740998005195,0.0362732286925616,0.0007643240734071246,0.0008564626806526849,0.0008239947825847438,0.0013568521031207597,0.0019812246690616223,0.0024352746852000953,2021_24,1940,2,0
2022-05-30,2022-22,1.200278718806757,0.03606469259281796,0.0008249800763306808,0.0009267718419540057,0.0008259682369596592,0.0015175042348955392,0.002234521238422132,0.0024315389524631205,2021_24,1940,2,0
2022-06-06,2022-23,1.2044038086274695,0.03586412437287495,0.0007775644596929021,0.0008757179192139693,0.0008269047407893714,0.0014314494751351925,0.002125611833078714,0.0024259584161439433,2021_24,1940,2,0
2022-06-13,2022-24,1.2057044376083736,0.035607635567492094,0.0006778899572006755,0.0007653947853226657,0.0008257691188537971,0.0013981063622688257,0.0020936375929231613,0.0024200133897012608,2021_24,1940,2,0
2022-06-20,2022-25,1.209360928165694,0.03542031291198226,0.0007385583661804491,0.0008360063682693439,0.0008259545733956476,0.0013468968206146103,0.00203399079828157,0.0024132383567094886,2021_24,1940,2,0
2022-06-27,2022-26,1.2104670523191794,0.03513882908936827,0.0007471379795139586,0.0008478597950284328,0.0008263440573404561,0.001543921916592724,0.0023512204405826704,0.002412170078237732,2021_24,1940,2,0
2022-07-04,2022-27,1.2154789771363521,0.035005860832108084,0.0007597562348249747,0.0008643625966136484,0.0008270077458742371,0.0012619305760446474,0.0019380136875765152,0.0024041530747403953,2021_24,1940,2,0
2022-07-11,2022-28,1.210425060352071,0.03455864074693363,0.0006275771899829025,0.0007157927702818806,0.0008251010049619751,0.0017262243735763098,0.002673449478665852,0.0024086250573000663,2021_24,1940,2,0
2022-07-18,2022-29,1.2148141299851365,0.034322390450792814,0.0009862369625511737,0.001127716401921664,0.0008301986392453199,0.0017826900793297086,0.0027842225401714512,0.0024147499909250177,2021_24,1940,2,0
2022-07-25,2022-30,1.2153574896086228,0.034037543322014426,0.0007776801760055444,0.0008914933641550251,0.0008312130747801358,0.0016072863648540047,0.0025314812684691587,0.0024166197191334646,2021_24,1940,2,0
2022-08-01,2022-31,1.2219715895217174,0.033859879439422785,0.0010887930930192232,0.0012512984545114652,0.0008380471183973533,0.0017887487702352204,0.0028410846013342058,0.0024233007623460784,2021_24,1940,2,0
2022-08-08,2022-32,1.2204428717281304,0.0335172059087628,0.0007750967861742111,0.0008930380259148923,0.0008389264590959221,0.0017381955021951439,0.002784112628196657,0.0024288820615508667,2021_24,1940,2,0
2022-08-15,2022-33,1.2245711182282846,0.033340096746754165,0.000892860750083832,0.0010313265829330275,0.0008419523305051684,0.0015258131686651827,0.0024645798731680545,0.0024294249186089835,2021_24,1940,2,0
2022-08-22,2022-34,1.2229612256621767,0.03300300919542862,0.0007925660539106665,0.0009177965312719945,0.0008431256291819899,0.0017618611006238426,0.0028698986906953283,0.0024360129567975604,2021_24,1940,2,0
2022-08-29,2022-35,1.2256743609880456,0.03280857343290576,0.0008377107429320685,0.0009725310908662122,0.0008450954769900558,0.001494822152183701,0.0024554878217405893,0.002436299446109658,2021_24,1940,2,0
2022-09-05,2022-36,1.2236353480653706,0.03245504318068357,0.0008384130905850666,0.0009758114828820268,0.0008470538218844955,0.0018758342051152556,0.0031073921945780555,0.002446014249149055,2021_24,1940,2,0
2022-09-12,2022-37,1.2282106208395775,0.03232136383110848,0.0008837073550395641,0.0010311332894527997,0.0008497686895318597,0.0014095196790632116,0.0023546487089232005,0.0024447129167042936,2021_24,1940,2,0
2022-09-19,2022-38,1.2303951852221648,0.03210815686967739,0.0008926035622996714,0.0010441512643041921,0.0008525913842471548,0.0016105682229460732,0.0027132353481452206,0.0024484785700713114,2021_24,1940,2,0
2022-09-26,2022-39,1.2309795872711629,0.03184277675379259,0.0009055837563451776,0.001062018033691184,0.0008555863720779289,0.0017581700531076108,0.0029869130418354564,0.0024559131118818815,2021_24,1940,2,0
2022-10-03,2022-40,1.2278692544752072,0.031451695268854205,0.0009348567433655656,0.0010991242685026092,0.0008590170104234737,0.002124414424229219,0.0036396054152790947,0.0024720066211263085,2021_24,1940,2,0
2022-10-10,2022-41,1.22861968226316,0.031192492221682667,0.0009520051099077694,0.0011221204471590868,0.0008626684093223126,0.001819604417999527,0.0031437311907698043,0.002480998015328003,2021_24,1940,2,0
2022-10-17,2022-42,1.234324786561762,0.031082226508015832,0.0010221409577175714,0.0012078401229542472,0.0008673887591968462,0.0015130247735020144,0.0026361360524844563,0.00248304351243435,2021_24,1940,2,0
2022-10-24,2022-43,1.2342572241835512,0.030829274641229785,0.0008805113488129403,0.0010431147431626266,0.0008697570658426953,0.001716142695439442,0.003015286186587257,0.0024899594723516265,2021_24,1940,2,0
2022-10-31,2022-44,1.2362560125798663,0.03065205059353845,0.0008690472304729575,0.0010321408579105518,0.0008719145774024693,0.0014996342355523043,0.002657136400071694,0.0024921002711476327,2021_24,1940,2,0
2022-11-07,2022-45,1.2397049455946387,0.0305131517542371,0.0009147225409685441,0.0010891393174540108,0.0008747604460167856,0.0014469394483314407,0.0025854266420631453,0.0024932785125098564,2021_24,1940,2,0
2022-11-14,2022-46,1.241461001175952,0.030335088289200094,0.0008746868089872026,0.001044107214183499,0.0008769483961063505,0.001504062803793173,0.002710199083481686,0.0024959791169701082,2021_24,1940,2,0
2022-11-21,2022-47,1.2455592085857712,0.03021459402487675,0.0009531796518644276,0.0011406850420508357,0.0008803094901447755,0.001432848981391333,0.0026036883664224113,0.0024973016121658327,2021_24,1940,2,0
2022-11-28,2022-48,1.2464920724353863,0.03001941456551248,0.000872193012628372,0.0010464104104532803,0.0008823976971104891,0.001545282289961184,0.0028317164972253665,0.002501352139478005,2021_24,1940,2,0
2022-12-05,2022-49,1.2466840985859775,0.02980512688102401,0.0008729543973540875,0.0010499762367246535,0.0008844765309301742,0.0016029479502533395,0.0029622023659427498,0.002506858865634515,2021_24,1940,2,0
2022-12-12,2022-50,1.2482572935900533,0.029590878585330906,0.0010624071931940309,0.0012810833305705329,0.0008893320151911789,0.0018269727614970105,0.003404714785917326,0.002517443922247086,2021_24,1940,2,0
2022-12-19,2022-51,1.2538159008440248,0.029440683741615126,0.0013263416376828852,0.0016033939695586537,0.0008979591708003067,0.0019412449851171217,0.0036482313537706023,0.002530595943972104,2021_24,1940,2,0
2022-12-26,2022-52,1.2545956367619735,0.02915728256849101,0.001303432509333728,0.0015796899512194721,0.0009060867179054263,0.0023155008891523414,0.004388340692951598,0.0025519136919238154,2021_24,1940,2,0
2023-01-02,2023-01,1.2568418515162318,0.028952703118420024,0.001189853717984083,0.0014456905540088016,0.0009124358569621451,0.0019495348966746505,0.0037259734742555897,0.0025652027727560605,2021_24,1940,2,0
2023-01-09,2023-02,1.2559811327301489,0.02868786360302564,0.001071731836206399,0.0013054684118373552,0.0009170012385329336,0.00200915280723295,0.003872354193295732,0.0025798045083198578,2021_24,1940,2,0
2023-01-16,2023-03,1.253405581325495,0.028389754117800065,0.0010192375937739852,0.0012446697490725704,0.0009207596758742234,0.0020691197852589194,0.004021620624659727,0.0025957009600831365,2021_24,1940,2,0
2023-01-23,2023-04,1.2566676980327645,0.028276045599530748,0.0009872320738895705,0.0012086384930684896,0.000924020980385971,0.0014383113850751845,0.0028191731107081127,0.002598132951109359,2021_24,1940,2,0
2023-01-30,2023-05,1.2590007627668116,0.028120587290340143,0.0010709028662157021,0.0013143944316964362,0.0009283896118359725,0.0016648583935051817,0.003290784829921204,0.002605579146291691,2021_24,1940,2,0
2023-02-06,2023-06,1.2598430508072493,0.027964069629219157,0.0008857872537697698,0.0010899423331686036,0.0009301756308106437,0.0014615226067567315,0.0029132723324345046,0.0026088463593850046,2021_24,1940,2,0
2023-02-13,2023-07,1.2600710890503555,0.027787532000216743,0.0009114297432668127,0.0011243350663091172,0.0009322967970716966,0.0015574862547146798,0.003130784174220397,0.0026143223489542653,2021_24,1940,2,0
2023-02-20,2023-08,1.262929183662264,0.027665412689023585,0.0010325138186839389,0.0012769294289098315,0.0009360178169900418,0.0015035333032626672,0.0030478621437546836,0.002618816732948619,2021_24,1940,2,0
2023-02-27,2023-09,1.2631582304446096,0.027485967459977143,0.0009588643061724296,0.0011888488449548127,0.0009387157312325048,0.0016187321186568288,0.0033091054885989154,0.002625888797363003,2021_24,1940,2,0
2023-03-06,2023-10,1.2661325603382174,0.02738096598928573,0.0009930239032071764,0.0012343196845666974,0.0009418338025843087,0.00139512084763018,0.002876079037980003,0.002628421957132568,2021_24,1940,2,0
2023-03-13,2023-11,1.267508458929711,0.02724913742620555,0.0009108301447346531,0.0011350207797240274,0.0009438483137291808,0.001397069929013744,0.0029044271877403383,0.002631184660106315,2021_24,1940,2,0
2023-03-20,2023-12,1.2692542241994764,0.027120631677506123,0.0009616145133023341,0.0012013398708291083,0.0009465032730848137,0.0014368359360229894,0.003012332381327073,0.0026349567632199277,2021_24,1940,2,0
2023-03-27,2023-13,1.269642210021314,0.026965981683047504,0.0009125380224176007,0.0011429160071049357,0.0009485058810557909,0.0014767692831989094,0.0031222071913243766,0.0026397248830680076,2021_24,1940,2,0
2023-04-03,2023-14,1.2716452788608785,0.02686222515194122,0.0008925182778567884,0.001120673053554675,0.0009502419962840083,0.0012703830109973455,0.0027085515573962685,0.0026403909024406273,2021_24,1940,2,0
2023-04-10,2023-15,1.2687050488378901,0.02663184359623277,0.000851571859724408,0.0010719673973317917,0.0009514561342754239,0.0016896702295293605,0.00363293595842529,0.002649891505262456,2021_24,1940,2,0
2023-04-17,2023-16,1.2691430555759895,0.026490242940136646,0.0008898990194399067,0.0011230509720386078,0.0009531493580147731,0.001407272174045337,0.0030513164522381936,0.0026536911284798567,2021_24,1940,2,0
2023-04-24,2023-17,1.274174193567197,0.026459723645044696,0.0009826879652086644,0.0012432911486042833,0.0009559818788836243,0.0010855075223766902,0.002373533402846733,0.002651067867524358,2021_24,1940,2,0
2023-05-01,2023-18,1.27410158500753,0.02631878151761392,0.0008287813147485402,0.0010512248535279453,0.0009569018065224737,0.001334528053686157,0.002942683665876771,0.0026537701766357405,2021_24,1940,2,0
2023-05-08,2023-19,1.2766186309804473,0.026250807490268223,0.0008210902906073136,0.0010441071027962572,0.0009577353578083407,0.001049958956149896,0.0023347562876089825,0.0026508449939707038,2021_24,1940,2,0
2023-05-15,2023-20,1.278399352744989,0.026157240623879467,0.0008636918213415733,0.0011010610638156047,0.0009590912610573434,0.001184834123222749,0.002656930198005393,0.002650900227444797,2021_24,1940,2,0
2023-05-22,2023-21,1.2794236011130875,0.02604013271532913,0.0008938125511424435,0.0011423455954163296,0.0009608071844021465,0.0013010370030229978,0.0029421553506160593,0.0026535170023994576,2021_24,1940,2,0
2023-05-29,2023-22,1.2778845131958307,0.025862913261233387,0.0008568116526384759,0.0010978294870618462,0.0009620771808092451,0.0014943101268247827,0.003407768246411532,0.0026602245533738386,2021_24,1940,2,0
2023-06-05,2023-23,1.278320275164298,0.025730660848476448,0.0009163976324993274,0.0011771503885819167,0.0009640506118602857,0.0013814274750575594,0.0031769527953218325,0.0026647725622548123,2021_24,1940,2,0
2023-06-12,2023-24,1.2756416929602123,0.025541724051951948,0.0007699751756637354,0.0009915695461479859,0.000964300592257293,0.0014601905932984938,0.0033864571071213563,0.0026710604624993017,2021_24,1940,2,0
2023-06-19,2023-25,1.273174371525362,0.025346740269291894,0.0008589943870611865,0.0011090094502712296,0.0009656022914905433,0.0015777726468098206,0.0036900632966521537,0.0026798494117254244,2021_24,1940,2,0
2023-06-26,2023-26,1.2712452002218535,0.0251751304977179,0.0008133747466105873,0.0010527713799177822,0.0009663787513410289,0.0014453651956060898,0.0034089477617660026,0.0026860743927226123,2021_24,1940,2,0
2023-07-03,2023-27,1.2707026676674598,0.02503241791169421,0.0008730861698089333,0.0011329192569697404,0.0009678479304793313,0.0013895590080092637,0.0033050125106580566,0.0026913065893909415,2021_24,1940,2,0
2023-07-10,2023-28,1.2725582478341975,0.02494307835801076,0.0009413930083627782,0.001224648015657894,0.0009700916035377258,0.001236882283593916,0.0029667287694861667,0.0026936121737802404,2021_24,1940,2,0
2023-07-17,2023-29,1.275409557319623,0.024882432492158837,0.000929603650807065,0.0012123739600718511,0.0009721881415293883,0.0011029625186245863,0.002667863398409549,0.0026933986799844217,2021_24,1940,2,0
2023-07-24,2023-30,1.2726518757397096,0.02471800759569016,0.0006682456437151074,0.0008737222188686803,0.000971344176309356,0.00127852466002867,0.0031186404236511543,0.0026968917168165097,2021_24,1940,2,0
2023-07-31,2023-31,1.272751992241664,0.024608097056716325,0.000804123885865195,0.0010540438314351446,0.0009720465171295828,0.0011831794553495228,0.0029104502172504843,0.0026986294385133464,2021_24,1940,2,0
2023-08-07,2023-32,1.273150506061065,0.02450158119615693,0.0008428917540619759,0.0011076587384736063,0.0009731876175621036,0.0012040003883872221,0.0029866858369408536,0.0027009517011553365,2021_24,1940,2,0
2023-08-14,2023-33,1.2699447922134386,0.02430657131233855,0.0008393636097722273,0.0011058157571885963,0.0009742933715147068,0.001574864386677814,0.00393966630419045,0.0027108463154811623,2021_24,1940,2,0
2023-08-21,2023-34,1.274032460849354,0.024274143632883074,0.0009970512738921064,0.0013168872555254397,0.0009771236876493705,0.0010320922262034584,0.002603683213270511,0.002709998427386066,2021_24,1940,2,0
2023-08-28,2023-35,1.2781037914829498,0.024258885656162157,0.0008748832073388261,0.001158456277412051,0.000978608010484484,0.0008382229673093043,0.002132468147182919,0.002705469447371556,2021_24,1940,2,0
2023-09-04,2023-36,1.2781430757823686,0.024160847080020167,0.0007523782804968247,0.0009987672220396894,0.0009787715446512924,0.0010730451069143124,0.0027529247183514342,0.002705838387847078,2021_24,1940,2,0
2023-09-11,2023-37,1.2798918751232298,0.024085596359101295,0.0009060860909404153,0.0012058574181803422,0.0009805975077248836,0.0011132595066502607,0.0028802231026312415,0.0027071822484678,2021_24,1940,2,0
2023-09-18,2023-38,1.277895862419647,0.02392452190566927,0.0008685877784590231,0.001158880551513534,0.0009820183413719703,0.0014468950414515877,0.003775027378965462,0.0027153394286754074,2021_24,1940,2,0
2023-09-25,2023-39,1.2757502289124096,0.023765972071100268,0.0008352510014489048,0.00111722444573523,0.0009830864309584154,0.001409829645584492,0.003709394949864615,0.002722864548588831,2021_24,1940,2,0
2023-10-02,2023-40,1.2730743598876464,0.02358375547663904,0.0009340453118602429,0.001252534896211062,0.0009851965634261827,0.001607906192399702,0.004266291303734129,0.0027344444647342675,2021_24,1940,2,0
2023-10-09,2023-41,1.2722972341410368,0.02343989687628014,0.0010117611902068348,0.0013601862189690616,0.0009881077012146554,0.0015122947599968575,0.00404650056905415,0.002744199568592253,2021_24,1940,2,0
2023-10-16,2023-42,1.2699205719815545,0.02326533518165328,0.0009657789477282828,0.001301656983729288,0.0009905206857002942,0.0016129349515136017,0.004352245367903108,0.002756049298458128,2021_24,1940,2,0
2023-10-23,2023-43,1.2692176918555766,0.02313021223584154,0.000988100024809438,0.0013351135183525971,0.0009931497978768716,0.001457926985440432,0.0039672142357964285,0.0027648949291371985,2021_24,1940,2,0
2023-10-30,2023-44,1.2679648489208841,0.022991395569705267,0.0009248515313571768,0.0012528173742837588,0.0009951140335156662,0.0014205946767160587,0.003898283523987716,0.002773100617276639,2021_24,1940,2,0
2023-11-06,2023-45,1.2667828323731951,0.022835150971292562,0.0011014207041378276,0.0014957790567858207,0.0009988693925254862,0.0016597182430696884,0.004592942066066373,0.0027861630424034986,2021_24,1940,2,0
2023-11-13,2023-46,1.2626712108584248,0.02263018507181452,0.0009481804374501239,0.0012909328954760649,0.0010010413988277293,0.0017614344805747422,0.004915599072573593,0.0028013137338888856,2021_24,1940,2,0
2023-11-20,2023-47,1.2595301006923352,0.02242874094664384,0.0011380375079984711,0.0015533442613350943,0.00100511458580445,0.0019231531781593242,0.005412241877877374,0.002819726689670594,2021_24,1940,2,0
2023-11-27,2023-48,1.2597799341564617,0.022318679331501667,0.0010490472587191305,0.0014355048334236931,0.0010082618806857638,0.0014103812002145368,0.004002701381586006,0.0028279950970095274,2021_24,1940,2,0
2023-12-04,2023-49,1.2565853066641808,0.0221155585144637,0.0011878733623702376,0.00162958948610945,0.0010127677526446228,0.001989258006763477,0.005693261811758803,0.0028478550318402156,2021_24,1940,2,0
2023-12-11,2023-50,1.255813926826985,0.021973532052024205,0.001163432038332931,0.0016001015803359133,0.0010169914480499746,0.0016743073549930238,0.0048323522740430485,0.002861488445093651,2021_24,1940,2,0
2023-12-18,2023-51,1.2552576233622113,0.021843430718942982,0.0011173328961786352,0.001540591810477039,0.001020725613782563,0.0015772870662460567,0.004590790812793567,0.002873267999488085,2021_24,1940,2,0
2023-12-25,2023-52,1.2503826568473693,0.02161690960826733,0.0011229015776767167,0.0015521909828415117,0.0010244848556144276,0.002079708840762293,0.006104254893824101,0.002895093486276857,2021_24,1940,2,0
2024-01-01,2024-01,1.2476099502670799,0.021448935475903482,0.0010420134640245933,0.0014440268193471664,0.0010274282948698967,0.0017233432859747912,0.00510099947583158,0.0029098639400625516,2021_24,1940,2,0
2024-01-08,2024-02,1.2479378907937362,0.0213456945730813,0.0011080236493797664,0.0015393927017078172,0.0010309914400167754,0.0014452897605235161,0.0043141155044123455,0.0029191880924531507,2021_24,1940,2,0
2024-01-15,2024-03,1.2453333807031772,0.02118849089581184,0.001009593302886657,0.0014061942535794208,0.0010335818563525546,0.0016484068750628204,0.0049619755529675385,0.0029326432713087476,2021_24,1940,2,0
2024-01-22,2024-04,1.2447113150899536,0.021065410028939673,0.0011277233434394695,0.001574707488040874,0.001037288474340938,0.001570585747941123,0.004767659329481736,0.002944631173291395,2021_24,1940,2,0
2024-01-29,2024-05,1.242399061269455,0.020917597369706414,0.0010160968852722402,0.0014224300123110924,0.0010399057452292963,0.0016133911465160836,0.004938972330442116,0.0029575551629789747,2021_24,1940,2,0
2024-02-05,2024-06,1.242961512289211,0.020808287641605878,0.0012909731851394643,0.0018118050804874007,0.0010451106062534965,0.0016361983638016361,0.005051103157080101,0.0029710130859810905,2021_24,1940,2,0
2024-02-12,2024-07,1.2404218467810417,0.020658385561641027,0.0010227975035036255,0.0014390715101966283,0.001047745880024233,0.001638879896406604,0.005102121215206598,0.0029846028255644153,2021_24,1940,2,0
2024-02-19,2024-08,1.2411371575869936,0.02057536420493661,0.0010804829061504748,0.0015240846222095692,0.001050907805645111,0.0013173094461220436,0.004135659841166546,0.0029918845463174385,2021_24,1940,2,0
2024-02-26,2024-09,1.2399334394545745,0.020465905384076923,0.0009289991669537987,0.0013137265282535634,0.0010526390259068012,0.0013393400706197493,0.004240345337352233,0.0029997225320168887,2021_24,1940,2,0
2024-03-04,2024-10,1.2398708380501686,0.02038317334409282,0.0009167663468170746,0.0012997109335324748,0.001054254377320697,0.0011785743314638706,0.0037628829015697043,0.003004477514382437,2021_24,1940,2,0
2024-03-11,2024-11,1.239170651400974,0.02027860482508161,0.0010181074562170098,0.001447038854039008,0.0010568033903366654,0.0013834072506815314,0.004454173535580438,0.0030134436133205686,2021_24,1940,2,0
2024-03-18,2024-12,1.2399247401157252,0.020214209202822662,0.0009272907800177585,0.001321298617405277,0.0010585070653488212,0.0010797376033899687,0.0035058123981350883,0.003016465942781774,2021_24,1940,2,0
2024-03-25,2024-13,1.2410371448154562,0.020145034214888453,0.0010770059235325794,0.00153851450602722,0.0010615762861755427,0.0012236656945322538,0.004006697832511848,0.003022500760877803,2021_24,1940,2,0
2024-04-01,2024-14,1.2396965233876136,0.02003471292253205,0.0009642144938969606,0.0013808789949705425,0.001063602800440288,0.001368100790231352,0.004517469825943368,0.0030315454206450085,2021_24,1940,2,0
2024-04-08,2024-15,1.238477150364661,0.019934720385241484,0.0008861786834543421,0.0012723357545971561,0.001064917946980205,0.0012472907209749315,0.004153347017380548,0.0030382824043474013,2021_24,1940,2,0
2024-04-15,2024-16,1.236070661263107,0.019805155046831294,0.0009528284074592852,0.0013714929951484298,0.0010668357746028217,0.0014740505681236564,0.004949898228698434,0.0030496799386326885,2021_24,1940,2,0
2024-04-22,2024-17,1.2358411622369794,0.019732426461469426,0.0008306742965639092,0.0011986934551143906,0.0010676547265681684,0.0010456605088881143,0.003541016530029419,0.003052587781031853,2021_24,1940,2,0
2024-04-29,2024-18,1.2351997213059192,0.019646603578792582,0.0008929474744542243,0.0012918192133717192,0.0010690372487875412,0.0011699027133533107,0.003995216845764555,0.0030581278888130257,2021_24,1940,2,0
2024-05-06,2024-19,1.231117795869104,0.01949748971432369,0.0008056917942712231,0.0011685390532785514,0.001069646617856587,0.0014795027226959826,0.0050951824152599984,0.0030700164589910653,2021_24,1940,2,0
2024-05-13,2024-20,1.2303274738685759,0.019409516419331144,0.0009032786813012501,0.0013133924510543387,0.0010711290920268194,0.0011935875537628876,0.004145258420102001,0.0030762461519939937,2021_24,1940,2,0
2024-05-20,2024-21,1.2274419188821684,0.019286322919717724,0.0008158909087701658,0.0011893325745682484,0.001071843023802524,0.00133923972391058,0.004690390608995886,0.003085533211140451,2021_24,1940,2,0
2024-05-27,2024-22,1.2262328444858668,0.019187509891207356,0.0009533856224151553,0.0013932796142208258,0.0010737712332789192,0.0012997730554982464,0.004590622479494929,0.0030941318124161673,2021_24,1940,2,0
2024-06-03,2024-23,1.223430114400663,0.019065414505244065,0.0008482626079657161,0.0012427920673050488,0.0010747781416047954,0.0013634391720205754,0.0048561621189446525,0.003104128202828416,2021_24,1940,2,0
2024-06-10,2024-24,1.2246988471121365,0.019029543571877836,0.0008136084862902549,0.0011950390132139741,0.0010754897287932812,0.0008067685815353427,0.0028977422089298526,0.0031029655127350494,2021_24,1940,2,0
2024-06-17,2024-25,1.224969583564808,0.01896050953270336,0.0009868610296102562,0.0014531855729234295,0.0010777096236638023,0.0011386692062440478,0.0041244088129808116,0.003108683059145697,2021_24,1940,2,0
2024-06-24,2024-26,1.2250753820191895,0.01888577254476612,0.001027703702391183,0.0015171602791887678,0.0010802748692143676,0.001202147283768939,0.004391118629733335,0.0031158134732169307,2021_24,1940,2,0
2024-07-01,2024-27,1.2237331862018757,0.018803715938940528,0.000749399150385342,0.001109111488183528,0.001080442051948598,0.0010375811907281744,0.003822019875662656,0.0031197136412540014,2021_24,1940,2,0
2024-07-08,2024-28,1.223571452077493,0.0187428008881236,0.000789899931216579,0.0011720133211707328,0.0010809694906874945,0.0009347929952844887,0.0034724792612967174,0.0031216491612652934,2021_24,1940,2,0
2024-07-15,2024-29,1.2208624963095298,0.0186354561879641,0.00073723058885183,0.0010966354553501568,0.001081059137408528,0.0011851790244105293,0.004439780794612814,0.003128835205961375,2021_24,1940,2,0
2024-07-22,2024-30,1.221453702071733,0.018579021850206812,0.0009466624592779588,0.0014117329658220256,0.0010829392354669014,0.0010200470470678852,0.0038534624810394507,0.0031327595978464283,2021_24,1940,2,0
2024-07-29,2024-31,1.2184979628426964,0.018471942570333577,0.0006850899514208944,0.0010242440816056913,0.0010826077139921082,0.0011461198632991582,0.004366307637147191,0.0031393974448710024,2021_24,1940,2,0
2024-08-05,2024-32,1.2157392527673934,0.018365211241033366,0.0007434315375232601,0.0011142825022301386,0.0010827854932552302,0.0011891598689837898,0.004568544894854044,0.003147037950828639,2021_24,1940,2,0
2024-08-12,2024-33,1.2108424759110412,0.018224452431209907,0.0006415196888629508,0.0009639683713916046,0.0010821228275443863,0.0013367866989723452,0.005179086070769686,0.0031578311308651185,2021_24,1940,2,0
2024-08-19,2024-34,1.210365382770221,0.01816505244979919,0.0007266307957721678,0.0010946242352742957,0.0010821921193413723,0.0008784405588555174,0.003432074865833089,0.0031592781478435796,2021_24,1940,2,0
2024-08-26,2024-35,1.2100188202016204,0.01810353496864312,0.0007985367594575304,0.0012059925831460533,0.0010828740350631227,0.0009420138162026376,0.0037115473553269392,0.0031621743081104068,2021_24,1940,2,0
2024-09-02,2024-36,1.2091046820305054,0.018059037607323834,0.0004018197972149423,0.0006083864299717519,0.001080276851444244,0.0005447878470403353,0.002164604239954943,0.0031569751088205613,2021_24,1940,2,0
2024-09-09,2024-37,1.20837329309522,0.01801291607471301,0.0004779111263963268,0.0007254271316610282,0.0010783458706306412,0.0006079792029183001,0.002436089152154219,0.0031532394553900034,2021_24,1940,2,0
2024-09-16,2024-38,1.2062567917719884,0.017950254218757473,0.00033067600900868693,0.0005032083105886853,0.0010752345708752314,0.0006083490664988463,0.0024581629042543995,0.0031496582834478946,2021_24,1940,2,0
2024-09-23,2024-39,1.2058004738945722,0.0179186731058028,0.00034866568325063696,0.0005319279208493945,0.0010723122410618206,0.00041980646921769063,0.0017106466122482266,0.0031422866777583458,2021_24,1940,2,0
2024-09-30,2024-40,1.205212085967767,0.017900621681291737,0.00011626243113686771,0.00017782034431082966,0.0010675283612305872,0.00016799311228239642,0.0006903288302222166,0.003129795301911658,2021_24,1940,2,0
2024-10-07,2024-41,1.2046441041330278,0.017889137729737454,2.6832911460336486e-05,4.1144170296727794e-05,0.0010620689338397874,6.300800201625606e-05,0.00026110404738145,0.0031152574039637992,2021_24,1940,2,0
