enrollment_date,mode,YearOfBirth,Dose,n_points,b_original,C,ka,kb,tau,rms_error,note,error,C_init,ka_init,delta_k_init,tau_init,s_min,s_max,s_mean,logh_min,logh_max,logh_mean,h_first1,h_first2,h_last2,h_last1,t_first1,t_first2,t_last2,t_last1,iso_week_first,iso_week_last,optimizer_success,optimizer_fun,optimizer_nfev,optimizer_nit,optimizer_message,optimizer_status,optimizer_status_meaning,optimizer_warnflag,optimizer_grad_norm,failure_detail,param_C_valid,param_ka_valid,param_kb_valid,param_tau_valid
2021_13,linear,1920,0,120,-0.003376280947271984,-5.02567115179982,,,,0.2100663839034847,linear_fit_t_mean=79.500000,,,,,,40.0,159.0,99.5,-5.806137726772664,-4.568254704299445,-5.034197868932174,0.0076315442611864775,0.007321346879028786,0.005200011717380827,0.0030090293516189053,40.0,41.0,158.0,159.0,2022-01,2024-16,,,,,,,,,,,,,,
2021_13,slope8,1920,0,160,-0.003376280947271984,-5.038177929462059,0.00714067035325461,-0.005023762940045634,52.00039269252309,0.21374005908468083,,,-5.0949691776052175,0.007254352712702271,-0.0053777245047431105,52.0,0.0,159.0,79.5,-5.806137726772664,-4.376717787399277,-5.013466513636438,0.010010298094809795,0.009417171601878922,0.005200011717380827,0.0030090293516189053,0.0,1.0,158.0,159.0,2021-13,2024-16,True,13.744322180104781,250,22,CONVERGENCE: RELATIVE REDUCTION OF F <= FACTR*EPSMCH,0,success,,,,True,True,True,True
2021_13,linear,1920,1,120,0.001740787237886962,-5.146431386991688,,,,0.38106160431152525,linear_fit_t_mean=79.500000,,,,,,40.0,159.0,99.5,-6.234410405328633,-4.253228998456224,-5.161005661120358,0.0047230658859587285,0.005179122496028477,0.005305052229693117,0.00712380572785113,40.0,41.0,158.0,159.0,2022-01,2024-16,,,,,,,,,,,,,,
2021_13,slope8,1920,1,160,0.001740787237886962,-5.258431500964393,0.001283278370194318,0.0010013328103446427,51.999944522868084,0.3506859271858588,,,-5.279325921335862,0.0012933483231478658,0.0036616373774996,52.0,0.0,159.0,79.5,-6.234410405328633,-4.253228998456224,-5.180027464058123,0.0065630632815660474,0.005208345107138235,0.005305052229693117,0.00712380572785113,0.0,1.0,158.0,159.0,2021-13,2024-16,True,21.515112574922256,230,15,CONVERGENCE: RELATIVE REDUCTION OF F <= FACTR*EPSMCH,0,success,,,,True,True,True,True
2021_13,linear,1920,2,120,0.0011342218245691258,-5.162403116783721,,,,0.17030792448096693,linear_fit_t_mean=79.500000,,,,,,40.0,159.0,99.5,-5.585258195684804,-4.633703493705451,-5.151274278102997,0.005064688124119109,0.0064751896697944795,0.005340283812886155,0.004953911328427523,40.0,41.0,158.0,159.0,2022-01,2024-16,,,,,,,,,,,,,,
2021_13,slope8,1920,2,145,0.0011342218245691258,-5.366187893645388,0.00364478015975578,0.0009138943977837714,48.00010221373916,0.1737152719619158,,,-5.4412304723897185,0.004938735662401749,-0.0012588295940882924,48.0,0.0,159.0,79.5,-5.814738803589492,-4.633703493705451,-5.218299249465561,0.003075698728122381,0.0036586103806633056,0.005340283812886155,0.004953911328427523,0.0,1.0,158.0,159.0,2021-13,2024-16,True,9.515098206675644,130,8,CONVERGENCE: RELATIVE REDUCTION OF F <= FACTR*EPSMCH,0,success,,,,True,True,True,True
2021_13,linear,1930,0,120,-0.0014278554989535111,-5.825161564165789,,,,0.16616660471931732,linear_fit_t_mean=79.500000,,,,,,40.0,159.0,99.5,-6.200660949527335,-5.328757840450051,-5.811097770120214,0.004006889318942598,0.0037317412366012154,0.0028547836982694102,0.002711866068749622,40.0,41.0,158.0,159.0,2022-01,2024-16,,,,,,,,,,,,,,
2021_13,slope8,1930,0,160,-0.0014278554989535111,-5.730843571966941,3.5178241271782274e-09,-0.0016279060173871416,52.00000160564477,0.192413518497354,optimizer_not_successful,,-5.756652254378687,0.0038276134390701354,-2.7929625866702102e-05,52.0,0.0,159.0,79.5,-6.200660949527335,-5.122108464644392,-5.780646801866913,0.005963435936259569,0.004819037009598245,0.0028547836982694102,0.002711866068749622,0.0,1.0,158.0,159.0,2021-13,2024-16,False,12.235696233067452,600,19,ABNORMAL: ,2,too_many_iterations,,,"optimizer_success=False; status=2(too_many_iterations); message=""ABNORMAL: """,True,True,True,True
2021_13,linear,1930,1,120,0.0012054928489971357,-6.153708765410771,,,,0.17682622374670376,linear_fit_t_mean=79.500000,,,,,,40.0,159.0,99.5,-6.766443588488137,-5.716444117943621,-6.166505984221193,0.001818070265359581,0.0018523097417651867,0.0019425949654762037,0.0017076371251772144,40.0,41.0,158.0,159.0,2022-01,2024-16,,,,,,,,,,,,,,
2021_13,slope8,1930,1,160,0.0012054928489971357,-6.425039543193026,0.005320646328694997,0.0007029210916011741,52.000281081178,0.19133439323298967,,,-6.356194459668305,0.0021688725592700826,0.0032148903469801766,52.0,0.0,159.0,79.5,-6.766443588488137,-5.716444117943621,-6.201667281871236,0.0028618873634398763,0.002754980793185549,0.0019425949654762037,0.0017076371251772144,0.0,1.0,158.0,159.0,2021-13,2024-16,True,11.960767801611,165,16,CONVERGENCE: RELATIVE REDUCTION OF F <= FACTR*EPSMCH,0,success,,,,True,True,True,True
2021_13,linear,1930,2,120,0.0015080262068131536,-6.17873130169236,,,,0.11697798629590292,linear_fit_t_mean=79.500000,,,,,,40.0,159.0,99.5,-6.526314584632422,-5.7715402645763065,-6.1709223697846936,0.0017193018442069664,0.0018055046340665,0.002223856114532729,0.0022676625668641495,40.0,41.0,158.0,159.0,2022-01,2024-16,,,,,,,,,,,,,,
2021_13,slope8,1930,2,145,0.0015080262068131536,-6.427273718129879,0.003987961409803881,0.0013775748802964919,48.00008960167671,0.12534571596938104,,,-6.530941569724389,0.005378766485583488,-0.0006428567589481316,48.0,0.0,159.0,79.5,-6.915730452759285,-5.7715402645763065,-6.248873354460995,0.0011751298596419262,0.000992056543548172,0.002223856114532729,0.0022676625668641495,0.0,1.0,158.0,159.0,2021-13,2024-16,True,6.845690650863664,215,12,CONVERGENCE: RELATIVE REDUCTION OF F <= FACTR*EPSMCH,0,success,,,,True,True,True,True
2021_13,linear,1940,0,120,-0.0007231161475057126,-7.074849161853403,,,,0.124266701977517,linear_fit_t_mean=79.500000,,,,,,40.0,159.0,99.5,-7.286043219345875,-6.739040608816033,-7.068523476784135,0.0010448639362408167,0.001065347028566704,0.0008269594592098799,0.0007043479716465721,40.0,41.0,158.0,159.0,2022-01,2024-16,,,,,,,,,,,,,,
2021_13,slope8,1940,0,160,-0.0007231161475057126,-6.991287534091585,-0.002003417447765611,-0.00014765255364599197,52.00043332783499,0.17958754963554213,,,-6.923138191563582,-5.572671039335578e-05,0.0037209685285839464,52.0,0.0,159.0,79.5,-7.286043219345875,-6.228138899980776,-7.03294914887339,0.0019731206565079765,0.0016854498948721509,0.0008269594592098799,0.0007043479716465721,0.0,1.0,158.0,159.0,2021-13,2024-16,True,10.48236610390224,200,11,CONVERGENCE: RELATIVE REDUCTION OF F <= FACTR*EPSMCH,0,success,,,,True,True,True,True
2021_13,linear,1940,1,120,0.0017730448551026387,-7.438768788152781,,,,0.13700406277719376,linear_fit_t_mean=79.500000,,,,,,40.0,159.0,99.5,-7.812938705682703,-7.025405761368824,-7.428601794420403,0.0005236842553067154,0.0005614052744886248,0.0005176006648036983,0.00055360357148814,40.0,41.0,158.0,159.0,2022-01,2024-16,,,,,,,,,,,,,,
2021_13,slope8,1940,1,160,0.0017730448551026387,-7.948222129906579,0.013348180294690894,-0.0007472522607240052,51.9999838428691,0.1462972025287525,,,-7.945998620085626,0.009577521998501091,-0.006671173302306828,52.0,0.0,159.0,79.5,-8.155444164737967,-7.025405761368824,-7.505655314921469,0.0004939440923068258,0.0004002139973130201,0.0005176006648036983,0.00055360357148814,0.0,1.0,158.0,159.0,2021-13,2024-16,True,9.25779067137854,195,16,CONVERGENCE: RELATIVE REDUCTION OF F <= FACTR*EPSMCH,0,success,,,,True,True,True,True
2021_13,linear,1940,2,120,0.0005848466298282507,-6.79058142039897,,,,0.16556614049524648,linear_fit_t_mean=79.500000,,,,,,40.0,159.0,99.5,-7.272059976023766,-6.27601073209317,-6.790984184297938,0.0011488302613002555,0.0008258976032607202,0.0010363654115342145,0.0012229244237523923,40.0,41.0,158.0,159.0,2022-01,2024-16,,,,,,,,,,,,,,
2021_13,slope8,1940,2,145,0.0005848466298282507,-6.828528209828818,-2.8950765965237566e-05,0.0006592419136764507,47.99974854305563,0.16919417086555347,optimizer_not_successful,,-6.877476045978002,0.0022060937843118343,0.002982730487057235,48.0,0.0,159.0,79.5,-7.540043411725741,-6.27601073209317,-6.819795273717301,0.0011025017033147039,0.0008236720696923418,0.0010363654115342145,0.0012229244237523923,0.0,1.0,158.0,159.0,2021-13,2024-16,False,9.779208910902565,360,9,ABNORMAL: ,2,too_many_iterations,,,"optimizer_success=False; status=2(too_many_iterations); message=""ABNORMAL: """,True,True,True,True
2021_13,linear,1950,0,120,-0.0004631760931023024,-8.07200339319175,,,,0.10744433846207245,linear_fit_t_mean=79.500000,,,,,,40.0,159.0,99.5,-8.333140980553495,-7.840075581682341,-8.080676971400338,0.0003886490244642074,0.00038373568676108595,0.00028768488414362595,0.0002562521871598287,40.0,41.0,158.0,159.0,2022-01,2024-16,,,,,,,,,,,,,,
2021_13,slope8,1950,0,160,-0.0004631760931023024,-8.037256548114245,-0.00034738430933077395,-0.00033728436038699323,52.00003413266538,0.15310548713812303,,,-8.02313584888954,0.0010552486944692902,0.0013507781771986338,52.0,0.0,159.0,79.5,-8.333140980553495,-7.436955762552515,-8.060830835111945,0.0005890757571982704,0.0005244524836405432,0.00028768488414362595,0.0002562521871598287,0.0,1.0,158.0,159.0,2021-13,2024-16,True,9.19204752477374,200,10,CONVERGENCE: RELATIVE REDUCTION OF F <= FACTR*EPSMCH,0,success,,,,True,True,True,True
2021_13,linear,1950,1,120,0.00029524789489724675,-8.166796108014173,,,,0.2784182368885766,linear_fit_t_mean=79.500000,,,,,,40.0,159.0,99.5,-9.192196766875725,-7.615134021540027,-8.159033764425688,0.000199246847577781,0.0003587730002008802,0.00020635575805785057,0.00035092789824041896,40.0,41.0,158.0,159.0,2022-01,2024-16,,,,,,,,,,,,,,
2021_13,slope8,1950,1,160,0.00029524789489724675,-8.436452984390545,0.01031648649174115,-0.002273480458633641,51.999859302548955,0.28618194354939974,,,-8.382008039176103,0.006794374501068976,-0.0014666584229782627,52.0,0.0,159.0,79.5,-9.192196766875725,-7.604874539625881,-8.174212900630462,0.00019700551679164175,0.00033502158246469054,0.00020635575805785057,0.00035092789824041896,0.0,1.0,158.0,159.0,2021-13,2024-16,True,17.526211366331548,305,22,CONVERGENCE: RELATIVE REDUCTION OF F <= FACTR*EPSMCH,0,success,,,,True,True,True,True
2021_13,linear,1950,2,120,0.00039390438751409806,-7.843659775259015,,,,0.311637131422265,linear_fit_t_mean=79.500000,,,,,,40.0,159.0,99.5,-8.765900518434616,-7.297638034292956,-7.90111844924705,0.00043467144637336565,0.00023017314236810281,0.0002943616387762887,0.0004819148174978152,40.0,41.0,158.0,159.0,2022-01,2024-16,,,,,,,,,,,,,,
2021_13,slope8,1950,2,145,0.00039390438751409806,-7.804066275738172,-0.002042913953165881,0.0007363333233687572,47.99994109419819,0.3099831176858767,,,-7.812716169831076,-0.0004615798407915406,0.004621770966593676,48.0,0.0,159.0,79.5,-8.765900518434616,-7.07984787170484,-7.890787035333685,0.0002515533432126511,0.0003522987529831501,0.0002943616387762887,0.0004819148174978152,0.0,1.0,158.0,159.0,2021-13,2024-16,True,17.72215180872617,155,11,CONVERGENCE: RELATIVE REDUCTION OF F <= FACTR*EPSMCH,0,success,,,,True,True,True,True
2021_13,linear,1960,0,120,0.00033061371479221495,-9.022549122339301,,,,0.10501817941085505,linear_fit_t_mean=79.500000,,,,,,40.0,159.0,99.5,-9.269180814115158,-8.711178836142244,-9.02925406644509,0.00014221916183908935,0.0001366239110812189,9.679935778337706e-05,0.0001395244212711259,40.0,41.0,158.0,159.0,2022-01,2024-16,,,,,,,,,,,,,,
2021_13,slope8,1960,0,160,0.00033061371479221495,-9.027390292490875,-0.0009509769490903528,0.0008147021657244854,52.000045939478284,0.1399835199033625,,,-9.011926168007633,0.0013398547982147032,0.001528969314366939,52.0,0.0,159.0,79.5,-9.270900692791981,-8.530536783965333,-9.0164805389927,0.0001973490077050029,0.00017783190369825646,9.679935778337706e-05,0.0001395244212711259,0.0,1.0,158.0,159.0,2021-13,2024-16,True,8.591279414579715,245,19,CONVERGENCE: RELATIVE REDUCTION OF F <= FACTR*EPSMCH,0,success,,,,True,True,True,True
2021_13,linear,1960,1,117,6.6070348433319e-05,-9.442033099486903,,,,0.5801635241754655,linear_fit_t_mean=79.500000,,,,,,40.0,159.0,99.6923076923077,-10.832260061881136,-8.628456250058477,-9.611934552831848,7.897958381864727e-05,0.00017773564831433656,3.9837463155545564e-05,9.96035778429217e-05,40.0,41.0,158.0,159.0,2022-01,2024-16,,,,,,,,,,,,,,
2021_13,slope8,1960,1,157,6.6070348433319e-05,-9.727117131994367,0.011938428296413056,-0.005474012246203612,52.00239647552206,0.5507387327254681,,,-9.893002582725858,0.013747883988353212,-0.01502659122108206,52.0,0.0,159.0,79.26114649681529,-10.83531693186195,-8.628456250058477,-9.608849413208429,7.873395799675445e-05,5.905395564805004e-05,3.9837463155545564e-05,9.96035778429217e-05,0.0,1.0,158.0,159.0,2021-13,2024-16,True,32.864737495852204,205,14,CONVERGENCE: RELATIVE REDUCTION OF F <= FACTR*EPSMCH,0,success,,,,True,True,True,True
2021_13,linear,1960,2,120,9.05365276239478e-05,-9.338014844860657,,,,0.4662773138119605,linear_fit_t_mean=79.500000,,,,,,40.0,159.0,99.5,-10.952454311282969,-8.54525042241093,-9.424139008614135,0.00010507512881378282,0.00012260267989795044,8.84783494056211e-05,0.00012388503484622403,40.0,41.0,158.0,159.0,2022-01,2024-16,,,,,,,,,,,,,,
2021_13,slope8,1960,2,145,9.05365276239478e-05,-9.346790219052487,8.816059049064295e-05,8.85720779741582e-05,47.9981944917463,0.479423919772945,,,-9.572503560453484,0.0010354175778503004,0.006278571384743543,48.0,0.0,159.0,79.5,-10.955444895806755,-8.54525042241093,-9.470034291097678,8.729050284871044e-05,8.729812314581542e-05,8.84783494056211e-05,0.00012388503484622403,0.0,1.0,158.0,159.0,2021-13,2024-16,True,25.64370676249058,240,19,CONVERGENCE: RELATIVE REDUCTION OF F <= FACTR*EPSMCH,0,success,,,,True,True,True,True
2021_13,linear,1970,0,120,4.287563864572374e-05,-10.057958243720353,,,,0.12483430403938282,linear_fit_t_mean=79.500000,,,,,,40.0,159.0,99.5,-10.485011422017237,-9.747179799553225,-10.064825464936202,3.798575127795077e-05,5.019797676081375e-05,2.7952290214693358e-05,3.954382786135595e-05,40.0,41.0,158.0,159.0,2022-01,2024-16,,,,,,,,,,,,,,
2021_13,slope8,1970,0,160,4.287563864572374e-05,-10.076546791694891,0.001205301508840376,-0.0003875655172930045,52.0000199616918,0.14412012097166796,,,-10.09499662401675,0.0016699476317150112,-0.0011866493209979772,52.0,0.0,159.0,79.5,-10.485011422017237,-9.60020712206452,-10.061530700687893,6.771470982779047e-05,5.34974825837767e-05,2.7952290214693358e-05,3.954382786135595e-05,0.0,1.0,158.0,159.0,2021-13,2024-16,True,8.999865468158207,140,12,CONVERGENCE: RELATIVE REDUCTION OF F <= FACTR*EPSMCH,0,success,,,,True,True,True,True
2021_13,linear,1970,1,93,3.572714792301702e-05,-10.11497063293799,,,,0.5312597935530748,linear_fit_t_mean=79.500000,,,,,,40.0,159.0,100.7741935483871,-10.810273254365304,-8.86076263049965,-10.120052378189591,6.057179778954445e-05,2.0191006926134695e-05,2.0276161317789832e-05,2.027657244892846e-05,40.0,41.0,158.0,159.0,2022-01,2024-16,,,,,,,,,,,,,,
2021_13,slope8,1970,1,121,3.572714792301702e-05,-10.11832224253703,2.554564506179888e-05,3.888592097717794e-05,52.004522800813405,0.5236717825461159,,,-10.298069917076656,0.0024465464302520015,-0.012734181955842971,52.0,0.0,159.0,81.96694214876032,-10.811403311989876,-8.86076263049965,-10.151076361322472,4.0335592131890665e-05,2.0168202812218253e-05,2.0276161317789832e-05,2.027657244892846e-05,0.0,1.0,158.0,159.0,2021-13,2024-16,True,24.199769172036113,270,28,CONVERGENCE: RELATIVE REDUCTION OF F <= FACTR*EPSMCH,0,success,,,,True,True,True,True
2021_13,linear,1970,2,106,3.0883275446001364e-05,-10.374388090597348,,,,0.47751188355742497,linear_fit_t_mean=79.500000,,,,,,40.0,159.0,100.13207547169812,-11.069244338813583,-9.27491014189294,-10.360156841114648,4.675227528585185e-05,1.5584334627144572e-05,1.5640885274467583e-05,6.256745555843261e-05,40.0,41.0,158.0,159.0,2022-01,2024-16,,,,,,,,,,,,,,
2021_13,slope8,1970,2,125,3.0883275446001364e-05,-10.376869520968466,1.0935367611188309e-05,3.42884241716396e-05,47.99961415877941,0.4776720968222995,,,-10.420770488716842,-0.0022382800379669907,0.006104380664489394,48.0,0.0,159.0,82.97037037037038,-11.070178961993761,-9.27491014189294,-10.382087084238915,3.1139067076054104e-05,1.5569775951252125e-05,1.5640885274467583e-05,6.256745555843261e-05,0.0,2.0,158.0,159.0,2021-13,2024-16,True,22.422148092829822,265,24,CONVERGENCE: RELATIVE REDUCTION OF F <= FACTR*EPSMCH,0,success,,,,True,True,True,True
2021_13,linear,1980,0,120,0.0007979003891963027,-10.937135360613732,,,,0.23514686711489424,linear_fit_t_mean=79.500000,,,,,,40.0,159.0,99.5,-11.572351721976327,-10.47326502720448,-10.939523621869853,2.2762236665498207e-05,1.4913411945590113e-05,1.4158612644948585e-05,2.0451747641837086e-05,40.0,41.0,158.0,159.0,2022-01,2024-16,,,,,,,,,,,,,,
2021_13,slope8,1980,0,160,0.0007979003891963027,-11.018422796080829,0.002374092230641903,-0.00018565921282753415,52.000010155609864,0.2387168892130739,,,-11.033599472450764,0.0022528735570546393,-0.0008979949941645591,52.0,0.0,159.0,79.5,-11.573404193781716,-10.47326502720448,-10.94591244028787,1.4902428311825825e-05,1.9608842804273426e-05,1.4158612644948585e-05,2.0451747641837086e-05,0.0,1.0,158.0,159.0,2021-13,2024-16,True,15.399799325769019,115,11,CONVERGENCE: RELATIVE REDUCTION OF F <= FACTR*EPSMCH,0,success,,,,True,True,True,True
2021_13,linear,1980,1,46,2.012813083300146e-05,-10.191644195877897,,,,0.4337183100713967,linear_fit_t_mean=79.500000,,,,,,40.0,159.0,95.73913043478261,-10.192755866126038,-8.804325110684966,-9.978162335528655,3.744056311040259e-05,3.744196495867913e-05,7.504972047507743e-05,3.7526268392310234e-05,40.0,41.0,154.0,159.0,2022-01,2024-16,,,,,,,,,,,,,,
2021_13,slope8,1980,1,62,2.012813083300146e-05,-10.193608210308241,2.122711908333331e-05,1.99288286404211e-05,51.99988395369296,0.4131178579296023,,,-10.117221011394607,0.0024568564414283616,-0.004234900080796099,52.0,2.0,159.0,76.54838709677419,-10.193504397167327,-8.804325110684966,-9.988929600150557,3.74125481730443e-05,3.741394792421386e-05,7.504972047507743e-05,3.7526268392310234e-05,2.0,5.0,154.0,159.0,2021-15,2024-16,True,6.299337717194953,245,20,CONVERGENCE: RELATIVE REDUCTION OF F <= FACTR*EPSMCH,0,success,,,,True,True,True,True
2021_13,linear,1980,2,68,2.226456937233605e-05,-10.527114152200312,,,,0.4929999969919387,linear_fit_t_mean=79.500000,,,,,,40.0,158.0,100.57352941176471,-10.528462952934197,-8.918355721876756,-10.245193479096777,2.6763729794950848e-05,2.6764446111365886e-05,8.050017446047138e-05,2.683411152414452e-05,40.0,41.0,156.0,158.0,2022-01,2024-15,,,,,,,,,,,,,,
2021_13,slope8,1980,2,79,2.226456937233605e-05,-10.52886047615552,3.4499963734498845e-06,2.6050201547035805e-05,47.66681502957532,0.48043135802039083,,,-10.320070005285789,-0.0021243753401688306,0.0017311318260165654,47.666666666666664,0.0,158.0,83.37209302325581,-10.52907832933266,-8.918355721876756,-10.267592419457289,2.6747265093813952e-05,2.6747980529009613e-05,8.050017446047138e-05,2.683411152414452e-05,0.0,1.0,156.0,158.0,2021-13,2024-15,True,10.485467316902556,350,22,CONVERGENCE: RELATIVE REDUCTION OF F <= FACTR*EPSMCH,0,success,,,,True,True,True,True
2021_13,linear,1990,0,120,9.919331746250482e-06,-11.54560422690833,,,,0.3271685055053091,linear_fit_t_mean=79.500000,,,,,,40.0,159.0,99.5,-12.46242657635268,-11.014739234301368,-11.632479682361394,1.0640561821734043e-05,7.738650302020738e-06,5.810327663759178e-06,6.778761559098433e-06,40.0,41.0,158.0,159.0,2022-01,2024-16,,,,,,,,,,,,,,
2021_13,slope8,1990,0,160,9.919331746250482e-06,-12.03338666886625,0.014600928834623259,-0.002796009419434281,51.997178015221785,0.32673771442967753,,,-11.848187894752165,0.002303647919088565,-0.0071356573675217284,52.0,0.0,159.0,79.5,-12.750267279212435,-10.853314602696921,-11.671904932973533,1.934039580183431e-05,6.769184352032502e-06,5.810327663759178e-06,6.778761559098433e-06,0.0,1.0,158.0,159.0,2021-13,2024-16,True,20.195703405603496,265,19,CONVERGENCE: RELATIVE REDUCTION OF F <= FACTR*EPSMCH,0,success,,,,True,True,True,True
2021_13,linear,1990,1,32,1.3305528803852549e-05,-9.722610978092538,,,,0.12247709021492197,linear_fit_t_mean=79.500000,,,,,,42.0,159.0,92.78125,-9.723642925319416,-9.030196441235093,-9.701001366421831,5.985156812889934e-05,5.985515055350821e-05,5.996282306770838e-05,5.996641882340793e-05,42.0,43.0,158.0,159.0,2022-03,2024-16,,,,,,,,,,,,,,
2021_13,slope8,1990,1,38,1.3305528803852549e-05,-9.724235056490768,2.4686492576811432e-05,1.1570936155231242e-05,50.66661742198701,0.15899299218726828,,,-9.683943910522405,0.0023320194379136934,-0.0023185983025976677,50.666666666666664,7.0,159.0,81.21052631578948,-9.724061798555168,-9.030196441235093,-9.686373429251134,5.982650315878139e-05,5.98300825834094e-05,5.996282306770838e-05,5.996641882340793e-05,7.0,9.0,158.0,159.0,2021-20,2024-16,True,0.6941980561059857,320,23,CONVERGENCE: RELATIVE REDUCTION OF F <= FACTR*EPSMCH,0,success,,,,True,True,True,True
2021_13,linear,1990,2,45,1.9766967015418553e-05,-10.066060403479543,,,,0.3097966621255171,linear_fit_t_mean=79.500000,,,,,,41.0,159.0,101.0,-10.067178295041995,-9.371821262294752,-9.927433935140131,4.245022711510855e-05,4.245202921336207e-05,8.5088279140909e-05,4.254594963199083e-05,41.0,43.0,158.0,159.0,2022-02,2024-16,,,,,,,,,,,,,,
2021_13,slope8,1990,2,54,1.9766967015418553e-05,-10.067859470204324,1.387329686719338e-05,2.0460320154224892e-05,47.000298810663665,0.2982833993811912,,,-10.19053549666919,0.00551227513059066,-0.004410155676212986,47.0,3.0,159.0,85.03508771929825,-10.067729995779516,-9.371821262294752,-9.94475661411969,4.242681375267975e-05,4.2428613863618575e-05,8.5088279140909e-05,4.254594963199083e-05,3.0,11.0,158.0,159.0,2021-16,2024-16,True,3.467062109172195,340,18,CONVERGENCE: RELATIVE REDUCTION OF F <= FACTR*EPSMCH,0,success,,,,True,True,True,True
2021_13,linear,2000,0,120,4.229257663251926e-06,-12.221534254785508,,,,0.5126871418680815,linear_fit_t_mean=79.500000,,,,,,40.0,159.0,99.5,-13.831234289652691,-11.266240633209737,-12.325578014244677,1.968707395891796e-06,6.890523364813305e-06,3.939733890628173e-06,4.924691615811303e-06,40.0,41.0,158.0,159.0,2022-01,2024-16,,,,,,,,,,,,,,
2021_13,slope8,2000,0,159,4.229257663251926e-06,-13.213128126345609,0.03784919903552162,-0.010815417563132534,51.999324773870555,0.5390972581320138,,,-13.179929364137832,0.020645251058929764,-0.01854796569304697,52.0,0.0,159.0,79.95597484276729,-13.831420323774363,-11.266240633209737,-12.42949303204109,9.84216125993385e-07,9.842170947749496e-07,3.939733890628173e-06,4.924691615811303e-06,0.0,1.0,158.0,159.0,2021-13,2024-16,True,33.0298244669197,225,22,CONVERGENCE: RELATIVE REDUCTION OF F <= FACTR*EPSMCH,0,success,,,,True,True,True,True
2021_13,linear,2000,1,5,3.341671807941701e-05,-7.908359573564355,,,,0.00037408524538616464,linear_fit_t_mean=79.500000,,,,,,45.0,89.0,67.8,-7.909122171964391,-7.9076515834306695,-7.908387012861941,0.0003673769328607715,0.00036751194827473624,0.0003677822770400286,0.0003679175906108975,45.0,55.0,77.0,89.0,2022-06,2022-50,,,,,,,,,,,,,,
2021_13,slope8,2000,1,9,3.341671807941701e-05,-8.222995365283206,0.025525945704297715,-0.005356286676093905,23.998161575555564,0.3688895236033506,,,-8.118729476137913,0.029210109274267752,-0.02916767155466952,24.0,17.0,89.0,47.111111111111114,-7.911324007765336,-6.81161131742762,-7.7871351696640625,0.0003665689190608564,0.0011009175423871045,0.0003677822770400286,0.0003679175906108975,17.0,20.0,77.0,89.0,2021-30,2022-50,True,0.6965128888947276,80,5,CONVERGENCE: RELATIVE REDUCTION OF F <= FACTR*EPSMCH,0,success,,,,True,True,True,True
2021_13,linear,2000,2,9,5.4959951962218486e-05,-7.6765138565600886,,,,0.0019693301492344963,linear_fit_t_mean=79.500000,,,,,,83.0,158.0,115.55555555555556,-7.678326338662091,-7.674617479386869,-7.676472912039447,0.00046274873569865594,0.0004629629712320522,0.00046425256172739904,0.0004644681922793746,83.0,91.0,129.0,158.0,2022-44,2024-15,,,,,,,,,,,,,,
2021_13,slope8,2000,2,9,5.4959951962218486e-05,-7.684119169461402,9.597173234016742e-05,5.820680097879422e-05,25.000000039765943,0.0003567290348339266,,,-7.684898293294931,7.874867824204725e-05,-5.484037161209347e-05,25.0,13.0,158.0,105.3,-7.678788980370959,-7.674617479386869,-7.676704518872597,0.0004625346983479163,0.00046274873569865594,0.00046425256172739904,0.0004644681922793746,13.0,83.0,129.0,158.0,2021-26,2024-15,True,0.0012978056525539878,60,3,CONVERGENCE: RELATIVE REDUCTION OF F <= FACTR*EPSMCH,0,success,,,,True,True,True,True
2021_13,linear,-2,0,120,-0.0018366234513185794,-8.801082895808893,,,,0.11169408056237065,linear_fit_t_mean=79.500000,,,,,,40.0,159.0,99.5,-9.004787414318395,-8.465725810199823,-8.79392478697184,0.00019781546532788243,0.00019527043112914987,0.0001290126821809576,0.00012584472770803037,40.0,41.0,158.0,159.0,2022-01,2024-16,,,,,,,,,,,,,,
2021_13,slope8,-2,0,160,-0.0018366234513185794,-8.648923966413141,-0.0014120421649994686,-0.0014120421649994686,52.000111687915236,0.1515599339979445,,,-8.61254694484552,0.00037970374897820157,0.001633517200270589,52.0,0.0,159.0,79.5,-9.004787414318395,-8.010834724549435,-8.746591012457916,0.0003318476020017955,0.00028456031034683525,0.0001290126821809576,0.00012584472770803037,0.0,1.0,158.0,159.0,2021-13,2024-16,True,8.836067777182027,120,12,CONVERGENCE: RELATIVE REDUCTION OF F <= FACTR*EPSMCH,0,success,,,,True,True,True,True
2021_13,linear,-2,1,120,0.0007747916632789164,-7.607215695307634,,,,0.12107941107257858,linear_fit_t_mean=79.500000,,,,,,40.0,159.0,99.5,-7.952437070168544,-7.2109096368122705,-7.596767691127659,0.0004534974478426336,0.0005003689265049506,0.00041620453566327317,0.0004501533973691401,40.0,41.0,158.0,159.0,2022-01,2024-16,,,,,,,,,,,,,,
2021_13,slope8,-2,1,160,0.0007747916632789164,-7.936529789444351,0.00896722699682046,-0.000909478888207766,51.99982673052778,0.1318335522112936,,,-7.887264793381407,0.005745295476861715,-0.0028439232963925302,52.0,0.0,159.0,79.5,-8.13027417794267,-7.2109096368122705,-7.6369619165428135,0.0005331922721799465,0.0004792695190896515,0.00041620453566327317,0.0004501533973691401,0.0,1.0,158.0,159.0,2021-13,2024-16,True,8.190398042538,220,19,CONVERGENCE: RELATIVE REDUCTION OF F <= FACTR*EPSMCH,0,success,,,,True,True,True,True
2021_13,linear,-2,2,120,-0.0002235496046860419,-6.942384336978086,,,,0.11223051901754569,linear_fit_t_mean=79.500000,,,,,,40.0,159.0,99.5,-7.2052626874528904,-6.519992341638427,-6.940004373332707,0.0009248790801925085,0.0009326847646398512,0.0008975333999838464,0.0009503161944372109,40.0,41.0,158.0,159.0,2022-01,2024-16,,,,,,,,,,,,,,
2021_13,slope8,-2,2,145,-0.0002235496046860419,-7.22207873886383,0.009661449485217596,-0.0017401828049871133,48.00001182870101,0.11893863242380193,,,-7.083249469515967,0.0030975469708980313,6.18294960017837e-05,48.0,0.0,159.0,79.5,-7.3972931126881525,-6.519992341638427,-6.976484175908726,0.0006903500952236166,0.0006192407457078543,0.0008975333999838464,0.0009503161944372109,0.0,1.0,158.0,159.0,2021-13,2024-16,True,6.499167493584961,350,25,CONVERGENCE: RELATIVE REDUCTION OF F <= FACTR*EPSMCH,0,success,,,,True,True,True,True
2021_20,linear,1920,0,120,-0.003921659517430742,-4.991803277580097,,,,0.2231918207868193,linear_fit_t_mean=76.000000,,,,,,33.0,152.0,92.5,-5.906599007985174,-4.509849922718258,-5.019452733664781,0.008042348073779692,0.007548043384000572,0.0037009664745712273,0.002721426716720022,33.0,34.0,151.0,152.0,2022-01,2024-16,,,,,,,,,,,,,,
2021_20,slope8,1920,0,153,-0.003921659517430742,-5.087388993376035,0.01047624053223543,-0.006615790896019037,50.66703366839407,0.22843260946893162,,,-5.12124977189468,0.010602917008427725,-0.00802299575758334,50.666666666666664,0.0,152.0,76.0,-5.906599007985174,-4.2809475663652865,-4.998307173992007,0.006518592427833252,0.005779864261677777,0.0037009664745712273,0.002721426716720022,0.0,1.0,151.0,152.0,2021-20,2024-16,True,13.868618575188025,240,20,CONVERGENCE: RELATIVE REDUCTION OF F <= FACTR*EPSMCH,0,success,,,,True,True,True,True
2021_20,linear,1920,1,120,-0.0009956057767376496,-5.0794601876793415,,,,0.4605603419847381,linear_fit_t_mean=76.000000,,,,,,33.0,152.0,92.5,-7.153051583915533,-4.482991912097383,-5.189225829123747,0.007643349312568012,0.00705583427583473,0.009102793674162085,0.003916454092235162,33.0,34.0,151.0,152.0,2022-01,2024-16,,,,,,,,,,,,,,
2021_20,slope8,1920,1,153,-0.0009956057767376496,-5.137424176589233,0.0033159829972006696,-0.0012265868588130493,50.66659464535326,0.44021171717401475,,,-5.218012475375159,0.0017792047294762365,0.0010989657696775141,50.666666666666664,0.0,152.0,76.0,-7.153051583915533,-4.482991912097383,-5.188400760839033,0.004184106522573985,0.007376218902343928,0.009102793674162085,0.003916454092235162,0.0,1.0,151.0,152.0,2021-20,2024-16,True,24.19266245178275,225,13,CONVERGENCE: RELATIVE REDUCTION OF F <= FACTR*EPSMCH,0,success,,,,True,True,True,True
2021_20,linear,1920,2,120,0.001247848882464686,-5.159449472401558,,,,0.17368995383875335,linear_fit_t_mean=76.000000,,,,,,33.0,152.0,92.5,-5.584855370207131,-4.578158859832282,-5.146038347807352,0.004855781550970405,0.0062238451255229345,0.0056897506027342995,0.005252725979536715,33.0,34.0,151.0,152.0,2022-01,2024-16,,,,,,,,,,,,,,
2021_20,slope8,1920,2,138,0.001247848882464686,-5.19078672338805,-0.0017365007719570755,0.001849703627308852,45.66671290977977,0.17218056580064042,,,-5.180554212156108,-0.0010101671618318994,0.004419985876420295,45.666666666666664,0.0,152.0,76.0,-5.764007610499997,-4.578158859832282,-5.190293156648869,0.0041375292992812535,0.0038568085782880643,0.0056897506027342995,0.005252725979536715,0.0,1.0,151.0,152.0,2021-20,2024-16,True,9.11773968792065,155,13,CONVERGENCE: RELATIVE REDUCTION OF F <= FACTR*EPSMCH,0,success,,,,True,True,True,True
2021_20,linear,1930,0,120,-0.00281821299032216,-5.741332608945269,,,,0.18700151845239582,linear_fit_t_mean=76.000000,,,,,,33.0,152.0,92.5,-6.145462344576276,-5.254810397354501,-5.733644788545449,0.004898834444733734,0.004461670151044833,0.003043281549461027,0.0029983815008154313,33.0,34.0,151.0,152.0,2022-01,2024-16,,,,,,,,,,,,,,
2021_20,slope8,1930,0,153,-0.00281821299032216,-5.6852163087973215,0.0030215408925474896,-0.003563910299031914,50.66687843879511,0.20408395373074828,optimizer_not_successful,,-5.733631596117705,0.00738409731345573,-0.0028987730309788786,50.666666666666664,0.0,152.0,76.0,-6.145462344576276,-5.022015902182163,-5.7047413857130165,0.00436323345575566,0.003879106205741426,0.003043281549461027,0.0029983815008154313,0.0,1.0,151.0,152.0,2021-20,2024-16,False,12.400587369435392,400,10,ABNORMAL: ,2,too_many_iterations,,,"optimizer_success=False; status=2(too_many_iterations); message=""ABNORMAL: """,True,True,True,True
2021_20,linear,1930,1,120,0.0012463681659597506,-6.034400340859822,,,,0.21356202260765617,linear_fit_t_mean=76.000000,,,,,,33.0,152.0,92.5,-6.836545570536976,-5.482181986603915,-6.037003194202119,0.001959853341419241,0.0019637019104042867,0.0025374686519698047,0.001747557836120778,33.0,34.0,151.0,152.0,2022-01,2024-16,,,,,,,,,,,,,,
2021_20,slope8,1930,1,153,0.0012463681659597506,-6.280350004350086,0.0065796529193904805,-0.0001339166621334058,50.66664719958614,0.20635200501534867,,,-6.255889906867063,0.005943765398096617,-0.0005696506400990438,50.666666666666664,0.0,152.0,76.0,-6.836545570536976,-5.482181986603915,-6.058166696935575,0.001877312682100583,0.0018808436147105085,0.0025374686519698047,0.001747557836120778,0.0,1.0,151.0,152.0,2021-20,2024-16,True,12.3411929533335,175,15,CONVERGENCE: RELATIVE REDUCTION OF F <= FACTR*EPSMCH,0,success,,,,True,True,True,True
2021_20,linear,1930,2,120,0.001588379736020454,-6.178629355996059,,,,0.11271871231922795,linear_fit_t_mean=76.000000,,,,,,33.0,152.0,92.5,-6.474031336552247,-5.773573662413699,-6.166326841623805,0.0017154584067040886,0.0018071440238892952,0.0021642573167423946,0.002184152120769008,33.0,34.0,151.0,152.0,2022-01,2024-16,,,,,,,,,,,,,,
2021_20,slope8,1930,2,138,0.001588379736020454,-6.488366484850288,0.008132657519484018,0.0001209971372282681,45.6675822162881,0.11763996131489173,,,-6.317105843660492,0.0009934900106308184,0.0035993460790500983,45.666666666666664,0.0,152.0,76.0,-6.7449183692274985,-5.773573662413699,-6.220989985123596,0.0011768447421387582,0.001256506073685136,0.0021642573167423946,0.002184152120769008,0.0,1.0,151.0,152.0,2021-20,2024-16,True,6.023839082353361,150,13,CONVERGENCE: RELATIVE REDUCTION OF F <= FACTR*EPSMCH,0,success,,,,True,True,True,True
2021_20,linear,1940,0,120,-0.0019585247958822253,-6.784173376170648,,,,0.15823544999710681,linear_fit_t_mean=76.000000,,,,,,33.0,152.0,92.5,-7.0794179832264215,-6.330936283537963,-6.773493768763497,0.0017276726275473454,0.0016414791462008636,0.0010633692612215882,0.0010070751058297838,33.0,34.0,151.0,152.0,2022-01,2024-16,,,,,,,,,,,,,,
2021_20,slope8,1940,0,153,-0.0019585247958822253,-6.562589868139311,-0.00395483420316974,-0.0010950903223905083,50.666601825885124,0.18853899746424788,,,-6.596441968978623,0.002558711889205029,0.001178325419016342,50.666666666666664,0.0,152.0,76.0,-7.0794179832264215,-6.04488991320606,-6.71984177596985,0.0017544049564899528,0.001614329239663379,0.0010633692612215882,0.0010070751058297838,0.0,1.0,151.0,152.0,2021-20,2024-16,True,10.93652203159701,210,20,CONVERGENCE: RELATIVE REDUCTION OF F <= FACTR*EPSMCH,0,success,,,,True,True,True,True
2021_20,linear,1940,1,120,0.0014259093800101455,-7.3637219454931495,,,,0.12898499803939725,linear_fit_t_mean=76.000000,,,,,,33.0,152.0,92.5,-7.656668832943349,-7.016658424440855,-7.358213133837563,0.0005176101316876249,0.0006887248617311358,0.0006936388077435344,0.0004728800323945563,33.0,34.0,151.0,152.0,2022-01,2024-16,,,,,,,,,,,,,,
2021_20,slope8,1940,1,153,0.0014259093800101455,-7.776659511190511,0.011864829097183555,-0.0013339538427256919,50.66665136613293,0.1409386939516079,,,-7.774778082760996,0.009472372633791947,-0.005491900255833902,50.666666666666664,0.0,152.0,76.0,-8.162600105731038,-7.016658424440855,-7.409266156562355,0.00028512008780294344,0.00035792582369509703,0.0006936388077435344,0.0004728800323945563,0.0,1.0,151.0,152.0,2021-20,2024-16,True,8.460486823043942,255,18,CONVERGENCE: RELATIVE REDUCTION OF F <= FACTR*EPSMCH,0,success,,,,True,True,True,True
2021_20,linear,1940,2,120,0.001618682909903149,-7.284593752529818,,,,0.1224184784706671,linear_fit_t_mean=76.000000,,,,,,33.0,152.0,92.5,-7.585876218889955,-6.864219464346559,-7.286988595174959,0.0006305240502433221,0.000583644627026627,0.0006057336946011393,0.000657396792781543,33.0,34.0,151.0,152.0,2022-01,2024-16,,,,,,,,,,,,,,
2021_20,slope8,1940,2,138,0.001618682909903149,-7.457974613418851,0.0024774192629579005,0.0014447332729528035,45.66739986856707,0.1273047429331476,,,-7.374998925711412,-0.00021598910493352095,0.004397868510080088,45.666666666666664,0.0,152.0,76.0,-8.007975554519303,-6.864219464346559,-7.3406175952655515,0.00037359119741000994,0.00033279776841638897,0.0006057336946011393,0.000657396792781543,0.0,1.0,151.0,152.0,2021-20,2024-16,True,6.940840527003212,525,31,CONVERGENCE: RELATIVE REDUCTION OF F <= FACTR*EPSMCH,0,success,,,,True,True,True,True
2021_20,linear,1950,0,120,-0.001979327612338078,-7.718642266673582,,,,0.13493951601136667,linear_fit_t_mean=76.000000,,,,,,33.0,152.0,92.5,-8.066107408615705,-7.280733677441608,-7.727070041342104,0.00068868010923457,0.0006630330610855984,0.00039586649919456533,0.0003437522377745512,33.0,34.0,151.0,152.0,2022-01,2024-16,,,,,,,,,,,,,,
2021_20,slope8,1950,0,153,-0.001979327612338078,-7.567521247583522,-0.0012257785026765847,-0.0012257785026765847,50.666697699725965,0.17197913626821126,,,-7.539030629739036,0.0010956370424385776,0.000646688009718145,50.666666666666664,0.0,152.0,76.0,-8.066107408615705,-6.988358538616006,-7.677474284218717,0.0006886453160106716,0.0005814623814231852,0.00039586649919456533,0.0003437522377745512,0.0,1.0,151.0,152.0,2021-20,2024-16,True,9.519588391103204,205,10,CONVERGENCE: RELATIVE REDUCTION OF F <= FACTR*EPSMCH,0,success,,,,True,True,True,True
2021_20,linear,1950,1,120,0.0016973793896413586,-8.41261373626626,,,,0.13259572968031658,linear_fit_t_mean=76.000000,,,,,,33.0,152.0,92.5,-8.73077721504885,-8.113340809765319,-8.424855020117928,0.00018724384057150037,0.00019421651040110166,0.00021890834234979776,0.00020115136975352343,33.0,34.0,151.0,152.0,2022-01,2024-16,,,,,,,,,,,,,,
2021_20,slope8,1950,1,153,0.0016973793896413586,-9.061007376465136,0.02078198183066977,-0.0035499638046341993,50.66669358779356,0.14187846392539127,,,-9.063054460987484,0.014763903241575813,-0.01082991181263776,50.666666666666664,0.0,152.0,76.0,-9.42040471908987,-8.113340809765319,-8.501260485915335,8.449543298580453e-05,8.105320888916555e-05,0.00021890834234979776,0.00020115136975352343,0.0,1.0,151.0,152.0,2021-20,2024-16,True,8.569563439274209,195,21,CONVERGENCE: RELATIVE REDUCTION OF F <= FACTR*EPSMCH,0,success,,,,True,True,True,True
2021_20,linear,1950,2,120,0.00034085805099743515,-8.013974140240444,,,,0.17855771109249832,linear_fit_t_mean=76.000000,,,,,,33.0,152.0,92.5,-8.510956388271001,-7.5764242417393755,-8.007062384165682,0.0003327701868622796,0.000341419283263211,0.0002486391459623279,0.00036421135320697764,33.0,34.0,151.0,152.0,2022-01,2024-16,,,,,,,,,,,,,,
2021_20,slope8,1950,2,138,0.00034085805099743515,-7.887294219172396,-0.0046551889583621555,0.000990386415967037,45.67379908101679,0.19009323515656157,,,-7.880860243649842,-0.0028876553621053264,0.007471130096513118,45.666666666666664,0.0,152.0,76.0,-8.510956388271001,-7.546974094310608,-8.012035063078754,0.0002278192643697112,0.0002531966085181148,0.0002486391459623279,0.00036421135320697764,0.0,1.0,151.0,152.0,2021-20,2024-16,True,10.733784816934925,380,13,CONVERGENCE: RELATIVE REDUCTION OF F <= FACTR*EPSMCH,0,success,,,,True,True,True,True
2021_20,linear,1960,0,120,-0.00035279380009021496,-8.825596134771846,,,,0.13006547842716595,linear_fit_t_mean=76.000000,,,,,,33.0,152.0,92.5,-9.145113279545699,-8.460781553758443,-8.82846372928678,0.0002050629222254704,0.0001985403191043188,0.00011517679650973982,0.00016862055073689703,33.0,34.0,151.0,152.0,2022-01,2024-16,,,,,,,,,,,,,,
2021_20,slope8,1960,0,153,-0.00035279380009021496,-8.772662153581383,-0.0011411827207007553,-0.00010549352662169017,50.666677474348326,0.15699680409996494,,,-8.778989980329213,0.0026966541496637976,-0.0009688719642592645,50.666666666666664,0.0,152.0,76.0,-9.145113279545699,-8.240034430309768,-8.80133394835413,0.00016638908004025437,0.00013214996593112236,0.00011517679650973982,0.00016862055073689703,0.0,1.0,151.0,152.0,2021-20,2024-16,True,9.044023969826627,220,20,CONVERGENCE: RELATIVE REDUCTION OF F <= FACTR*EPSMCH,0,success,,,,True,True,True,True
2021_20,linear,1960,1,120,0.0028960584307526622,-9.407832699807612,,,,0.18090444048878043,linear_fit_t_mean=76.000000,,,,,,33.0,152.0,92.5,-9.95891550154362,-8.952464614163512,-9.417886687794796,5.405648904426256e-05,4.955423712266514e-05,7.051015235382997e-05,0.00010236392431279657,33.0,34.0,151.0,152.0,2022-01,2024-16,,,,,,,,,,,,,,
2021_20,slope8,1960,1,153,0.0028960584307526622,-10.022153463496425,0.01634665736147017,-0.0006621937106534061,50.666532243866776,0.18715431883521252,,,-10.01339344209529,0.012597933921987008,-0.007290853230847454,50.666666666666664,0.0,152.0,76.0,-10.440556555742429,-8.952464614163512,-9.495579825798863,2.9222939560028692e-05,4.4960389904086885e-05,7.051015235382997e-05,0.00010236392431279657,0.0,1.0,151.0,152.0,2021-20,2024-16,True,11.225769978773535,365,19,CONVERGENCE: RELATIVE REDUCTION OF F <= FACTR*EPSMCH,0,success,,,,True,True,True,True
2021_20,linear,1960,2,120,-0.0009368058173629457,-9.370323873483725,,,,0.31670626554297077,linear_fit_t_mean=76.000000,,,,,,33.0,152.0,92.5,-10.616331145548786,-8.72120284956375,-9.387293434015556,0.00010572200003339004,0.00015454064856490216,7.395173420179308e-05,0.00010683058323216252,33.0,34.0,151.0,152.0,2022-01,2024-16,,,,,,,,,,,,,,
2021_20,slope8,1960,2,138,-0.0009368058173629457,-9.223620645261303,-0.0035688802670334947,-0.0003477585625844162,45.66617121143697,0.3196613693195905,,,-9.292179577139605,-0.001893013447177512,0.005856560898035279,45.666666666666664,0.0,152.0,76.0,-10.616331145548786,-8.72120284956375,-9.402145166655645,3.243909560077597e-05,7.299329275973925e-05,7.395173420179308e-05,0.00010683058323216252,0.0,1.0,151.0,152.0,2021-20,2024-16,True,17.04739468367845,115,9,CONVERGENCE: RELATIVE REDUCTION OF F <= FACTR*EPSMCH,0,success,,,,True,True,True,True
2021_20,linear,1970,0,120,-0.0002531720918859135,-10.035560517706426,,,,0.13468947924373928,linear_fit_t_mean=76.000000,,,,,,33.0,152.0,92.5,-10.433822459851292,-9.712490635247027,-10.043966188061608,3.988402702227052e-05,5.2096136920457994e-05,3.109104193704497e-05,4.2547446545877563e-05,33.0,34.0,151.0,152.0,2022-01,2024-16,,,,,,,,,,,,,,
2021_20,slope8,1970,0,153,-0.0002531720918859135,-10.088975372700796,0.0025522402908499655,-0.0009511813524603237,50.6667064657522,0.1494705828040937,,,-10.101070258413557,0.003129759660050617,-0.002886286366597929,50.666666666666664,0.0,152.0,76.0,-10.433822459851292,-9.65212357476412,-10.039511868037131,3.6573442320837045e-05,4.63285065073245e-05,3.109104193704497e-05,4.2547446545877563e-05,0.0,1.0,151.0,152.0,2021-20,2024-16,True,9.169965767522426,290,12,CONVERGENCE: RELATIVE REDUCTION OF F <= FACTR*EPSMCH,0,success,,,,True,True,True,True
2021_20,linear,1970,1,120,0.003457268418857881,-10.189107614621594,,,,0.38528754317912317,linear_fit_t_mean=76.000000,,,,,,33.0,152.0,92.5,-11.241440398820014,-9.504597837429715,-10.24253539094546,3.059066198432209e-05,3.496197885151742e-05,1.316962032004528e-05,1.7559802101466585e-05,33.0,34.0,151.0,152.0,2022-01,2024-16,,,,,,,,,,,,,,
2021_20,slope8,1970,1,153,0.003457268418857881,-10.547950252381339,0.005979278429027503,0.0024023434177963482,50.666635797192704,0.37330485912973316,,,-10.545049574857428,0.003863734196718913,-0.005947287281357941,50.666666666666664,0.0,152.0,76.0,-11.243048383145197,-9.504597837429715,-10.29430417455803,3.056034577078841e-05,2.1829294914698796e-05,1.316962032004528e-05,1.7559802101466585e-05,0.0,1.0,151.0,152.0,2021-20,2024-16,True,22.21060275872959,205,10,CONVERGENCE: RELATIVE REDUCTION OF F <= FACTR*EPSMCH,0,success,,,,True,True,True,True
2021_20,linear,1970,2,119,0.002119818430380766,-10.288178485843558,,,,0.5343522637052802,linear_fit_t_mean=76.000000,,,,,,33.0,152.0,92.36974789915966,-11.779358364387772,-9.380006426495127,-10.396916004573068,4.5963979569406865e-05,3.064359204427272e-05,1.5382367192869e-05,5.384118390366225e-05,33.0,34.0,151.0,152.0,2022-01,2024-16,,,,,,,,,,,,,,
2021_20,slope8,1970,2,136,0.002119818430380766,-10.474734491955962,0.0032443455244341585,0.0015676491984100594,45.666652239835905,0.5366886046943066,,,-10.612547193482143,0.0027168823256612505,0.000697676551862007,45.666666666666664,0.0,152.0,76.62666666666667,-11.779902152758112,-9.380006426495127,-10.406192890465435,2.2958246603146574e-05,3.8265208511731854e-05,1.5382367192869e-05,5.384118390366225e-05,0.0,1.0,151.0,152.0,2021-20,2024-16,True,27.404269400101942,150,12,CONVERGENCE: RELATIVE REDUCTION OF F <= FACTR*EPSMCH,0,success,,,,True,True,True,True
2021_20,linear,1980,0,120,0.0008663562056776228,-10.936100419516452,,,,0.2325779287594953,linear_fit_t_mean=76.000000,,,,,,33.0,152.0,92.5,-11.592284302484032,-10.407035088414991,-10.951393088506357,2.2643901998198944e-05,1.5934851617402246e-05,1.5127944591772741e-05,1.933052508491814e-05,33.0,34.0,151.0,152.0,2022-01,2024-16,,,,,,,,,,,,,,
2021_20,slope8,1980,0,153,0.0008663562056776228,-11.051495050199232,0.0026112037640478093,0.000332531647861812,50.666677517545715,0.23745548117557178,,,-11.059019143457482,0.0032341711229223356,-0.0017098914988811042,50.666666666666664,0.0,152.0,76.0,-11.594156836524654,-10.407035088414991,-10.957412187495864,9.219803467386366e-06,1.0896250097495538e-05,1.5127944591772741e-05,1.933052508491814e-05,0.0,1.0,151.0,152.0,2021-20,2024-16,True,14.259454129477836,160,11,CONVERGENCE: RELATIVE REDUCTION OF F <= FACTR*EPSMCH,0,success,,,,True,True,True,True
2021_20,linear,1980,1,89,2.151600855077094e-05,-10.49948844325799,,,,0.54632984622171,linear_fit_t_mean=76.000000,,,,,,33.0,152.0,94.82022471910112,-11.193945345321143,-9.401373868804209,-10.611556947119277,1.375723974758795e-05,2.7515236564086042e-05,2.7582782828629903e-05,4.137588613949301e-05,33.0,35.0,150.0,152.0,2022-01,2024-16,,,,,,,,,,,,,,
2021_20,slope8,1980,1,116,2.151600855077094e-05,-11.194722566955424,0.02919368727769883,-0.009839792048917866,50.664847580661764,0.5321067124265781,,,-10.925926377126258,0.011679813148481526,-0.015635315752722947,50.666666666666664,0.0,152.0,76.5603448275862,-11.194687960459445,-9.401373868804209,-10.624307367625436,1.3747027205553627e-05,1.3747216188982571e-05,2.7582782828629903e-05,4.137588613949301e-05,0.0,2.0,150.0,152.0,2021-20,2024-16,True,26.193080605679153,380,19,CONVERGENCE: RELATIVE REDUCTION OF F <= FACTR*EPSMCH,0,success,,,,True,True,True,True
2021_20,linear,1980,2,94,2.000706428488652e-05,-10.50449482356564,,,,0.48479411578145704,linear_fit_t_mean=76.000000,,,,,,33.0,152.0,93.7127659574468,-11.198666672756328,-9.587145340197482,-10.615028642473034,4.1068886217655196e-05,2.7380007120464997e-05,1.3724198507029466e-05,1.3724386863280501e-05,33.0,34.0,151.0,152.0,2022-01,2024-16,,,,,,,,,,,,,,
2021_20,slope8,1980,2,107,2.000706428488652e-05,-10.587339688657686,0.003535329998126697,-0.0010582815811055737,45.66708675727853,0.4806503686454349,,,-10.683986999217122,0.0016219690004445556,-0.006587123459611013,45.666666666666664,0.0,152.0,79.90434782608696,-11.199255274442711,-9.587145340197482,-10.609218793991245,2.736277568161437e-05,2.736352442363125e-05,1.3724198507029466e-05,1.3724386863280501e-05,0.0,4.0,151.0,152.0,2021-20,2024-16,True,19.61017339894258,125,7,CONVERGENCE: RELATIVE REDUCTION OF F <= FACTR*EPSMCH,0,success,,,,True,True,True,True
2021_20,linear,1990,0,120,9.780697563710638e-06,-11.605363075750612,,,,0.3318192628289261,linear_fit_t_mean=76.000000,,,,,,33.0,152.0,92.5,-12.704501748936659,-10.969147129269873,-11.652237146929311,1.1137086396498271e-05,8.099764803117194e-06,6.0813378943484864e-06,7.0949445479511625e-06,33.0,34.0,151.0,152.0,2022-01,2024-16,,,,,,,,,,,,,,
2021_20,slope8,1990,0,153,9.780697563710638e-06,-12.011622256365463,0.01360989645105439,-0.0031628065489971175,50.66479658714948,0.31757066600678846,,,-11.916435724989642,0.0039605853058353275,-0.009413430922293546,50.666666666666664,0.0,152.0,76.0,-12.704657657742395,-10.969147129269873,-11.689847614971548,6.073206430389816e-06,6.073243314443145e-06,6.0813378943484864e-06,7.0949445479511625e-06,0.0,1.0,151.0,152.0,2021-20,2024-16,True,18.74433504522779,230,18,CONVERGENCE: RELATIVE REDUCTION OF F <= FACTR*EPSMCH,0,success,,,,True,True,True,True
2021_20,linear,1990,1,47,1.2564944136930919e-05,-10.614981939442169,,,,0.42881898062200563,linear_fit_t_mean=76.000000,,,,,,35.0,150.0,91.61702127659575,-10.615824427438131,-9.228671327857446,-10.379075781831318,2.4524831393036997e-05,2.4525432875108635e-05,2.456217915772937e-05,2.4562782473179786e-05,35.0,38.0,147.0,150.0,2022-03,2024-14,,,,,,,,,,,,,,
2021_20,slope8,1990,1,56,1.2564944136930919e-05,-10.61630581721888,1.824119900705624e-05,1.1414024878620282e-05,50.00000725784658,0.4142128383579362,,,-10.446134798953514,0.0002062239407369225,0.0001,50.0,0.0,150.0,79.83928571428571,-10.616094164199911,-9.228671327857446,-10.392390434297718,2.4518217036541515e-05,4.9038838770061816e-05,2.456217915772937e-05,2.4562782473179786e-05,0.0,11.0,147.0,150.0,2021-20,2024-14,True,6.240131109104322,265,18,CONVERGENCE: RELATIVE REDUCTION OF F <= FACTR*EPSMCH,0,success,,,,True,True,True,True
2021_20,linear,1990,2,64,1.7100773407122568e-05,-10.72617781335563,,,,0.4942540018549419,linear_fit_t_mean=76.000000,,,,,,34.0,152.0,89.84375,-10.727202363074703,-9.34071052249509,-10.445431849949172,2.1939928476648743e-05,2.1940409847828022e-05,6.595000991646749e-05,4.3968606422074845e-05,34.0,35.0,151.0,152.0,2022-02,2024-16,,,,,,,,,,,,,,
2021_20,slope8,1990,2,76,1.7100773407122568e-05,-10.727822190068999,2.1315979965296422e-05,1.6101471982608924e-05,45.667650341225304,0.48727289347302416,,,-10.353188036108497,-0.00371340741538344,0.0072500283622749465,45.666666666666664,2.0,152.0,73.3132530120482,-10.727750710916528,-9.34071052249509,-10.459894958471905,2.1927901062123555e-05,2.1928381905485444e-05,6.595000991646749e-05,4.3968606422074845e-05,2.0,4.0,151.0,152.0,2021-22,2024-16,True,10.720105012454304,445,31,CONVERGENCE: RELATIVE REDUCTION OF F <= FACTR*EPSMCH,0,success,,,,True,True,True,True
2021_20,linear,2000,0,120,-0.002620543305873617,-12.282652959606272,,,,0.49705000649458037,linear_fit_t_mean=76.000000,,,,,,33.0,152.0,92.5,-13.82277312158953,-11.33782576765106,-12.361778168830787,1.9854387919327195e-06,6.949084061101198e-06,3.973133670042043e-06,3.9731494560328835e-06,33.0,34.0,151.0,152.0,2022-01,2024-16,,,,,,,,,,,,,,
2021_20,slope8,2000,0,152,-0.002620543305873617,-12.67196875131698,0.01657228987890752,-0.005354752281462996,50.336038266274926,0.5353283138117629,,,-12.983020226268243,0.01778318899135541,-0.021359373171337608,50.333333333333336,1.0,152.0,76.5,-13.822938899366228,-11.33782576765106,-12.426853900891553,9.925991805364215e-07,1.9852023020795806e-06,3.973133670042043e-06,3.9731494560328835e-06,1.0,2.0,151.0,152.0,2021-21,2024-16,True,30.95119922520459,120,9,CONVERGENCE: RELATIVE REDUCTION OF F <= FACTR*EPSMCH,0,success,,,,True,True,True,True
2021_20,linear,2000,1,26,2.789577688674763e-05,-8.911587904059747,,,,0.13589476659608865,linear_fit_t_mean=76.000000,,,,,,36.0,152.0,87.26923076923077,-8.913281136201867,-8.216763540062876,-8.884926944354056,0.0001345895022220644,0.00013460761899442456,0.00027008778016990624,0.00013506212878444193,36.0,39.0,144.0,152.0,2022-04,2024-16,,,,,,,,,,,,,,
2021_20,slope8,2000,1,31,2.789577688674763e-05,-8.914208318787633,3.736431146390027e-05,2.3818820396921053e-05,50.333744009189324,0.17610840559961594,,,-8.760949933346028,-0.0031726738372014015,0.006515196586808793,50.333333333333336,1.0,152.0,74.93548387096774,-8.914088347334788,-8.216763540062876,-8.867218739284622,0.00013448090391427467,0.0001344989914603331,0.00027008778016990624,0.00013506212878444193,1.0,7.0,144.0,152.0,2021-21,2024-16,True,0.695583050994857,180,19,CONVERGENCE: RELATIVE REDUCTION OF F <= FACTR*EPSMCH,0,success,,,,True,True,True,True
2021_20,linear,2000,2,14,2.0194417883362774e-05,-8.700800842764023,,,,0.00030879836117804217,linear_fit_t_mean=76.000000,,,,,,38.0,151.0,91.5,-8.70184536124426,-8.69968139867531,-8.700763740170052,0.00016627868345597195,0.00016630633665474067,0.00016661113000894802,0.00016663889390338337,38.0,48.0,122.0,151.0,2022-06,2024-15,,,,,,,,,,,,,,
2021_20,slope8,2000,2,16,2.0194417883362774e-05,-8.702241078048576,1.395626906282222e-05,1.8138934187173058e-05,45.33333333321795,0.00017703706057722453,,,-8.702302934159611,1.2301090427802793e-05,2.4069949271649757e-06,45.333333333333336,6.0,151.0,70.73684210526316,-8.703008635165471,-7.6037317658363115,-8.643392883622028,0.0001660853682609164,0.0001661129571926166,0.00016661113000894802,0.00016663889390338337,6.0,10.0,122.0,151.0,2021-26,2024-15,True,0.0011443963585850497,55,4,CONVERGENCE: RELATIVE REDUCTION OF F <= FACTR*EPSMCH,0,success,,,,True,True,True,True
2021_20,linear,-2,0,120,-0.002978184769151346,-8.966587350167789,,,,0.13306087829997115,linear_fit_t_mean=76.000000,,,,,,33.0,152.0,92.5,-9.235752349046047,-8.517665112110569,-8.957451331156873,0.00019990563812854477,0.0001909197916191136,0.00010311639676626171,0.00010636132352975879,33.0,34.0,151.0,152.0,2022-01,2024-16,,,,,,,,,,,,,,
2021_20,slope8,-2,0,153,-0.002978184769151346,-8.687944989053655,-0.0036473537465591655,-0.0026137965169818313,50.666710450913094,0.1558568805950567,,,-8.732560693366151,0.002144917386785973,-0.000663155847853104,50.666666666666664,0.0,152.0,76.0,-9.235752349046047,-8.228003513453078,-8.895835475836153,0.00019558395415619084,0.00017538795173714926,0.00010311639676626171,0.00010636132352975879,0.0,1.0,151.0,152.0,2021-20,2024-16,True,8.796111695782441,310,23,CONVERGENCE: RELATIVE REDUCTION OF F <= FACTR*EPSMCH,0,success,,,,True,True,True,True
2021_20,linear,-2,1,120,0.001182482608117891,-8.455773972425424,,,,0.10606550146064063,linear_fit_t_mean=76.000000,,,,,,33.0,152.0,92.5,-8.710196147225217,-8.221684293889233,-8.472497681638572,0.00017639073917664953,0.0001962412456814737,0.0002024577990514031,0.000175625305174486,33.0,34.0,151.0,152.0,2022-01,2024-16,,,,,,,,,,,,,,
2021_20,slope8,-2,1,153,0.001182482608117891,-8.902942458730438,0.014287427528303294,-0.0025638246645660386,50.666508732979835,0.10988087167649314,,,-8.887089065479143,0.009935338314486354,-0.00637348335322291,50.666666666666664,0.0,152.0,76.0,-9.169064132137487,-8.221684293889233,-8.520352015548037,0.00010421399463577797,0.00011757229120626599,0.0002024577990514031,0.000175625305174486,0.0,1.0,151.0,152.0,2021-20,2024-16,True,6.519012133836356,355,20,CONVERGENCE: RELATIVE REDUCTION OF F <= FACTR*EPSMCH,0,success,,,,True,True,True,True
2021_20,linear,-2,2,120,0.00017690392130249042,-7.298983235501064,,,,0.1055535495280487,linear_fit_t_mean=76.000000,,,,,,33.0,152.0,92.5,-7.520890582799539,-6.897339646790158,-7.291594131734437,0.0006360975487268584,0.0006614798187439785,0.0006033653404028473,0.0006401848947641842,33.0,34.0,151.0,152.0,2022-01,2024-16,,,,,,,,,,,,,,
2021_20,slope8,-2,2,138,0.00017690392130249042,-7.447019219128386,0.005282525863898668,-0.000858199515557977,45.6678343660141,0.1120955895930769,,,-7.276692059655425,-0.0011271448257790984,0.004230614169858611,45.666666666666664,0.0,152.0,76.0,-7.728626407220692,-6.897339646790158,-7.3212416667635445,0.0004400481491200438,0.000441182979562808,0.0006033653404028473,0.0006401848947641842,0.0,1.0,151.0,152.0,2021-20,2024-16,True,5.9316909669208115,220,19,CONVERGENCE: RELATIVE REDUCTION OF F <= FACTR*EPSMCH,0,success,,,,True,True,True,True
