icd,vaccinated_count,vaccinated_pct,unvaccinated_count,unvaccinated_pct,difference,abs_difference
I70,1469.0,0.012871625469871284,109041.0,0.07157147301719827,-0.05869984754732698,0.05869984754732698
I64,1273.0,0.01115424045142692,86325.0,0.05666132379755908,-0.04550708334613216,0.04550708334613216
I21,2309.0,0.02023184697748999,91373.0,0.05997469029081223,-0.03974284331332224,0.03974284331332224
I50,7627.0,0.06682905885548555,43161.0,0.028329677340590182,0.038499381514895376,0.038499381514895376
E11,4771.0,0.04180430572958196,23062.0,0.015137253975317783,0.026667051754264176,0.026667051754264176
I67,1173.0,0.010278023605281836,56019.0,0.03676931013976788,-0.02649128653448604,0.02649128653448604
U07,3793.0,0.03323490497428304,14964.0,0.00982195249703648,0.02341295247724656,0.02341295247724656
G30,3648.0,0.03196439054737266,18080.0,0.011867208042396389,0.020097182504976274,0.020097182504976274
I25,16847.0,0.1476162520700623,251596.0,0.1651406014731616,-0.0175243494030993,0.0175243494030993
I10,2480.0,0.021730177784398085,13021.0,0.008546621455754612,0.013183556328643473,0.013183556328643473
F01,1824.0,0.01598219527368633,7433.0,0.004878814014332542,0.011103381259353791,0.011103381259353791
I11,2567.0,0.022492486440544305,17629.0,0.011571184213462718,0.010921302227081587,0.010921302227081587
I48,1768.0,0.015491513839845084,7873.0,0.0051676177498775865,0.010323896089967498,0.010323896089967498
J44,2643.0,0.02315841124361457,20716.0,0.013597404967161702,0.009561006276452868,0.009561006276452868
A41,1556.0,0.013633934126017508,9241.0,0.0060655348185721806,0.007568399307445327,0.007568399307445327
I26,849.0,0.007439081023771763,22435.0,0.014725708652166094,-0.007286627628394331,0.007286627628394331
R99,1479.0,0.012959247154485792,8741.0,0.005737348755452811,0.007221898399032981,0.007221898399032981
S72,800.0,0.007009734769160672,20981.0,0.013771343580614968,-0.006761608811454296,0.006761608811454296
C25,2550.0,0.02234352957669964,25015.0,0.016419148737862037,0.0059243808388376035,0.0059243808388376035
C34,3740.0,0.032770510045826144,41135.0,0.0269998674128305,0.005770642632995645,0.005770642632995645
C50,3191.0,0.02796007956048963,50095.0,0.03288096166392959,-0.004920882103439963,0.004920882103439963
E10,406.0,0.003557440395349041,11833.0,0.007766851369782991,-0.0042094109744339496,0.0042094109744339496
C18,1738.0,0.01522864878600156,28704.0,0.018840505511556745,-0.0036118567255551855,0.0036118567255551855
C16,759.0,0.0066504858622411876,15395.0,0.010104848883445375,-0.003454363021204188,0.003454363021204188
I35,681.0,0.005967036722248022,4400.0,0.0028880373554504486,0.0030789993667975734,0.0030789993667975734
C53,410.0,0.0035924890691948442,9979.0,0.006549937447736369,-0.002957448378541525,0.002957448378541525
I46,374.0,0.0032770510045826142,9278.0,0.006089820587243014,-0.0028127695826603996,0.0028127695826603996
I69,964.0,0.00844673039683861,8637.0,0.005669086054323983,0.002777644342514627,0.002777644342514627
G20,505.0,0.004424895073032674,2577.0,0.0016914709693172285,0.002733424103715446,0.002733424103715446
C23,392.0,0.0034347700368887292,9120.0,0.005986113791297294,-0.0025513437544085645,0.0025513437544085645
N17,588.0,0.005152155055333093,4067.0,0.0026694654374129485,0.002482689617920145,0.002482689617920145
F03,398.0,0.0034873430476574344,1545.0,0.0010140949350388507,0.0024732481126185837,0.0024732481126185837
N39,450.0,0.003942975807652878,2433.0,0.0015969533831388502,0.002346022424514028,0.002346022424514028
J18,2809.0,0.024612931208215408,33963.0,0.02229236652344627,0.002320564684769138,0.002320564684769138
A49,291.0,0.0025497910222821944,690.0,0.00045289676710472945,0.002096894255177465,0.002096894255177465
C20,584.0,0.00511710638148729,10863.0,0.007130170407331414,-0.002013064025844124,0.002013064025844124
C56,1227.0,0.01075118070220018,19331.0,0.01268832957232105,-0.001937148870120869,0.001937148870120869
I63,2753.0,0.02412224977437416,39687.0,0.026049440574036808,-0.0019271907996626474,0.0019271907996626474
C19,249.0,0.0021817799469012592,6092.0,0.003998618993046394,-0.0018168390461451348,0.0018168390461451348
E86,291.0,0.0025497910222821944,1248.0,0.0008191524135459454,0.001730638608736249,0.001730638608736249
C80,1154.0,0.010111542404514269,12826.0,0.008418628891138057,0.001692913513376212,0.001692913513376212
I13,335.0,0.0029353264345860315,1955.0,0.0012832075067967335,0.001652118927789298,0.001652118927789298
I80,225.0,0.001971487903826439,5471.0,0.0035910119026521374,-0.0016195239988256982,0.0016195239988256982
K56,456.0,0.003995548818421583,3941.0,0.002586762549506868,0.0014087862689147151,0.0014087862689147151
R54,408.0,0.0035749647322719427,3307.0,0.0021706226214715076,0.001404342110800435,0.001404342110800435
I71,505.0,0.004424895073032674,4626.0,0.0030363774559804034,0.001388517617052271,0.001388517617052271
K74,438.0,0.003837829786115468,7753.0,0.005088853094728938,-0.0012510233086134703,0.0012510233086134703
J45,291.0,0.0025497910222821944,1986.0,0.0013035550427101343,0.00124623597957206,0.00124623597957206
C64,710.0,0.006221139607630096,11357.0,0.007454418237693351,-0.001233278630063255,0.001233278630063255
T71,184.0,0.0016122389969069546,4254.0,0.002792207025019593,-0.0011799680281126383,0.0011799680281126383
J10,165.0,0.0014457577961393886,463.0,0.0003039002944485358,0.0011418575016908527,0.0011418575016908527
C55,157.0,0.0013756604484477819,3795.0,0.0024909322190760116,-0.0011152717706282298,0.0011152717706282298
R09,182.0,0.0015947146599840528,793.0,0.0005205030961073194,0.0010742115638767333,0.0010742115638767333
C26,112.0,0.0009813628676824942,3051.0,0.0020025913571543904,-0.0010212284894718963,0.0010212284894718963
A04,215.0,0.0018838662192119306,1343.0,0.0008815077655386256,0.0010023584536733052,0.0010023584536733052
S02,20.0,0.0001752433692290168,1721.0,0.0011296164292568685,-0.0009543730600278517,0.0009543730600278517
N11,32.0,0.0002803893907664269,1794.0,0.0011775315944722966,-0.0008971422037058697,0.0008971422037058697
S06,638.0,0.005590263478405636,7182.0,0.004714064610646619,0.0008761988677590173,0.0008761988677590173
I12,201.0,0.0017611958607516188,1351.0,0.0008867587425485354,0.0008744371182030833,0.0008744371182030833
J84,263.0,0.002304450305361571,2271.0,0.0014906210986881747,0.0008138292066733964,0.0008138292066733964
I49,231.0,0.002024060914595144,1900.0,0.0012471070398536027,0.0007769538747415411,0.0007769538747415411
C15,256.0,0.002243115126131415,2244.0,0.0014728990512797287,0.0007702160748516865,0.0007702160748516865
J69,115.0,0.0010076493730668465,373.0,0.0002448268030870494,0.0007628225699797971,0.0007628225699797971
A46,108.0,0.0009463141938366907,313.0,0.00020544447551272508,0.0007408697183239656,0.0007408697183239656
C83,280.0,0.0024534071692062353,2659.0,0.001745293483668805,0.0007081136855374302,0.0007081136855374302
C97,4.0,3.504867384580336e-05,1117.0,0.0007331676650086707,-0.0006981189911628673,0.0006981189911628673
G93,112.0,0.0009813628676824942,2544.0,0.0016698106891513502,-0.0006884478214688561,0.0006884478214688561
J12,148.0,0.0012968009322947244,963.0,0.000632086357567905,0.0006647145747268194,0.0006647145747268194
I42,244.0,0.002137969104594005,2248.0,0.0014755245397846837,0.0006624445648093212,0.0006624445648093212
J42,43.0,0.0003767732438423861,1575.0,0.0010337860988260128,-0.0006570128549836267,0.0006570128549836267
I22,1.0,8.76216846145084e-06,1011.0,0.0006635922196273644,-0.0006548300511659135,0.0006548300511659135
K25,195.0,0.0017086228499829138,3590.0,0.0023563759331970704,-0.0006477530832141565,0.0006477530832141565
K70,706.0,0.006186090933784293,8467.0,0.005557502792863397,0.0006285881409208958,0.0006285881409208958
C67,508.0,0.004451181578417026,5874.0,0.003855529869526349,0.0005956517088906775,0.0005956517088906775
E43,127.0,0.0011127953946042566,796.0,0.0005224722124860357,0.0005903231821182209,0.0005903231821182209
D37,104.0,0.0009112655199908873,505.0,0.00033146792375056286,0.0005797975962403244,0.0005797975962403244
E78,85.0,0.0007447843192233214,253.0,0.00016606214793840078,0.0005787221712849205,0.0005787221712849205
C91,227.0,0.0019890122407493407,3900.0,0.002559851292331079,-0.0005708390515817385,0.0005708390515817385
T78,76.0,0.0006659248030702639,153.0,0.00010042493531452696,0.0005654998677557369,0.0005654998677557369
K55,241.0,0.0021116825992096525,4060.0,0.0026648708325292775,-0.0005531882333196249,0.0005531882333196249
I27,192.0,0.0016823363445985613,3368.0,0.0022106613211720708,-0.0005283249765735095,0.0005283249765735095
C22,636.0,0.0055727391414827345,9289.0,0.00609704068063164,-0.0005243015391489057,0.0005243015391489057
N19,108.0,0.0009463141938366907,676.0,0.00044370755733738707,0.0005026066364993036,0.0005026066364993036
D68,84.0,0.0007360221507618706,367.0,0.00024088857032961695,0.0004951335804322536,0.0004951335804322536
E66,109.0,0.0009550763622981416,721.0,0.00047324430301813033,0.00048183205928001126,0.00048183205928001126
T06,158.0,0.0013844226169092326,2839.0,0.0018634404663917781,-0.0004790178494825455,0.0004790178494825455
I38,74.0,0.0006484004661473622,265.0,0.00017393861345326564,0.00047446185269409656,0.00047446185269409656
L89,133.0,0.0011653684053729617,1053.0,0.0006911598489293914,0.0004742085564435703,0.0004742085564435703
T07,47.0,0.0004118219176881895,1347.0,0.0008841332540435805,-0.000472311336355391,0.000472311336355391
I05,73.0,0.0006396382976859113,1682.0,0.0011040179163335577,-0.00046437961864764646,0.00046437961864764646
D38,75.0,0.000657162634608813,301.0,0.00019756800999786022,0.0004595946246109527,0.0004595946246109527
C90,417.0,0.003653824248425,4867.0,0.0031945631384039394,0.0004592611100210607,0.0004592611100210607
E87,83.0,0.0007272599823004197,430.0,0.0002822400142826575,0.0004450199680177622,0.0004450199680177622
K57,220.0,0.0019276770615191847,2268.0,0.0014886519823094585,0.00043902507920972624,0.00043902507920972624
C54,646.0,0.005660360826097242,9281.0,0.00609178970362173,-0.0004314288775244873,0.0004314288775244873
I51,170.0,0.0014895686384466427,2908.0,0.001908730143102251,-0.00041916150465560824,0.00041916150465560824
C65,119.0,0.0010426980469126499,951.0,0.0006242098920530401,0.0004184881548596098,0.0004184881548596098
J11,23.0,0.00020152987461336932,933.0,0.0006123951937807428,-0.00041086531916737347,0.00041086531916737347
M46,65.0,0.0005695409499943046,259.0,0.00017000038069583321,0.00039954056929847136,0.00039954056929847136
T58,14.0,0.00012267035846031177,795.0,0.000521815840359797,-0.0003991454818994852,0.0003991454818994852
C21,125.0,0.001095271057681355,1064.0,0.0006983799423180175,0.0003968911153633375,0.0003968911153633375
K83,120.0,0.0010514602153741009,1001.0,0.000657028498364977,0.00039443171700912383,0.00039443171700912383
T75,90.0,0.0007885951615305756,1802.0,0.0011827825714822065,-0.00039418740995163085,0.00039418740995163085
C85,145.0,0.0012705144269103718,2530.0,0.001660621479384008,-0.0003901070524736361,0.0003901070524736361
L03,66.0,0.0005783031184557555,304.0,0.00019953712637657645,0.000378765992079179,0.000378765992079179
C44,167.0,0.0014632821330622903,1660.0,0.0010895777295563056,0.0003737044035059848,0.0003737044035059848
E13,65.0,0.0005695409499943046,299.0,0.00019625526574538275,0.00037328568424892185,0.00037328568424892185
C71,681.0,0.005967036722248022,8528.0,0.00559754149256396,0.00036949522968406177,0.00036949522968406177
G41,66.0,0.0005783031184557555,319.0,0.0002093827082701575,0.00036892041018559796,0.00036892041018559796
D48,61.0,0.0005344922761485012,281.0,0.00018444056747308547,0.00035005170867541575,0.00035005170867541575
M05,62.0,0.0005432544446099521,299.0,0.00019625526574538275,0.0003469991788645694,0.0003469991788645694
G31,95.0,0.0008324060038378297,742.0,0.0004870281176691438,0.0003453778861686859,0.0003453778861686859
J96,156.0,0.001366898279986331,1565.0,0.0010272223775636255,0.0003396759024227056,0.0003396759024227056
A09,72.0,0.0006308761292244605,469.0,0.0003078385272059683,0.0003230376020184922,0.0003230376020184922
G40,134.0,0.0011741305738344125,1300.0,0.0008532837641103598,0.00032084680972405274,0.00032084680972405274
D47,72.0,0.0006308761292244605,476.0,0.00031243313208963945,0.00031844299713482105,0.00031844299713482105
C43,353.0,0.0030930454668921465,4239.0,0.0027823614431260117,0.00031068402376613477,0.00031068402376613477
E41,78.0,0.0006834491399931655,586.0,0.00038463406597590065,0.0002988150740172649,0.0002988150740172649
C81,40.0,0.0003504867384580336,976.0,0.0006406191952090086,-0.000290132456750975,0.000290132456750975
I34,196.0,0.0017173850184443646,2186.0,0.001434829467957882,0.00028255555048648266,0.00028255555048648266
K26,169.0,0.001480806469985192,2685.0,0.0017623591589510123,-0.0002815526889658204,0.0002815526889658204
K63,85.0,0.0007447843192233214,718.0,0.0004712751866394141,0.00027350913258390725,0.00027350913258390725
T17,123.0,0.0010777467207584532,2058.0,0.0013508138357993234,-0.00027306711504087016,0.00027306711504087016
C73,86.0,0.0007535464876847722,1563.0,0.0010259096333111479,-0.0002723631456263756,0.0002723631456263756
C92,423.0,0.0037063972591937053,5244.0,0.0034420154299959435,0.00026438182919776183,0.00026438182919776183
D46,164.0,0.0014369956276779378,1790.0,0.0011749061059673415,0.00026208952171059624,0.00026208952171059624
I44,51.0,0.00044687059153399283,282.0,0.0001850969395993242,0.00026177365193466866,0.00026177365193466866
K65,157.0,0.0013756604484477819,2494.0,0.0016369920828394134,-0.0002613316343916315,0.0002613316343916315
J20,172.0,0.0015070929753695445,1906.0,0.0012510452726110352,0.0002560477027585093,0.0002560477027585093
I20,56.0,0.0004906814338412471,1136.0,0.0007456387354072067,-0.0002549573015659596,0.0002549573015659596
C94,65.0,0.0005695409499943046,482.0,0.00031637136484707185,0.0002531695851472327,0.0002531695851472327
C57,256.0,0.002243115126131415,3032.0,0.0019901202867558545,0.0002529948393755607,0.0002529948393755607
G21,52.0,0.00045563275999544367,312.0,0.00020478810338648635,0.0002508446566089573,0.0002508446566089573
M06,44.0,0.00038553541230383696,208.0,0.00013652540225765757,0.0002490100100461794,0.0002490100100461794
D43,44.0,0.00038553541230383696,214.0,0.00014046363501509,0.00024507177728874696,0.00024507177728874696
T50,32.0,0.0002803893907664269,800.0,0.0005250977009909906,-0.0002447083102245637,0.0002447083102245637
R96,19.0,0.00016648120076756596,614.0,0.0004030124855105853,-0.00023653128474301934,0.00023653128474301934
I31,12.0,0.00010514602153741008,515.0,0.0003380316450129502,-0.00023288562347554013,0.00023288562347554013
C24,408.0,0.0035749647322719427,5094.0,0.003343559611060133,0.00023140512121180975,0.00023140512121180975
C17,98.0,0.0008586925092221823,974.0,0.0006393064509565311,0.00021938605826565122,0.00021938605826565122
E03,47.0,0.0004118219176881895,294.0,0.00019297340511418906,0.00021884851257400042,0.00021884851257400042
N12,13.0,0.00011390818999886092,506.0,0.00033212429587680157,-0.00021821610587794066,0.00021821610587794066
I66,0.0,0.0,326.0,0.00021397731315382868,-0.00021397731315382868,0.00021397731315382868
C78,0.0,0.0,325.0,0.00021332094102758994,-0.00021332094102758994,0.00021332094102758994
I74,181.0,0.001585952491522602,2092.0,0.0013731304880914405,0.00021282200343116149,0.00021282200343116149
T02,12.0,0.00010514602153741008,484.0,0.0003176841090995493,-0.00021253808756213925,0.00021253808756213925
C41,27.0,0.00023657854845917267,683.0,0.00044830216222105823,-0.00021172361376188556,0.00021172361376188556
N18,659.0,0.005774269016096104,9113.0,0.005981519186413622,-0.00020725017031751787,0.00020725017031751787
T43,73.0,0.0006396382976859113,666.0,0.00043714383607499973,0.00020249446161091155,0.00020249446161091155
G12,93.0,0.0008148816669149281,943.0,0.0006189589150431302,0.00019592275187179785,0.00019592275187179785
U10,33.0,0.00028915155922787773,145.0,9.517395830461705e-05,0.00019397760092326069,0.00019397760092326069
N30,69.0,0.0006045896238401079,639.0,0.0004194217886665538,0.00018516783517355415,0.00018516783517355415
J13,32.0,0.0002803893907664269,148.0,9.714307468333326e-05,0.00018324631608309365,0.00018324631608309365
I33,77.0,0.0006746869715317146,749.0,0.0004916227225528149,0.0001830642489788997,0.0001830642489788997
I06,37.0,0.0003242002330736811,770.0,0.0005054065372038285,-0.00018120630413014744,0.00018120630413014744
C02,68.0,0.0005958274553786571,641.0,0.00042073453291903125,0.0001750929224596259,0.0001750929224596259
C76,185.0,0.0016210011653684053,2203.0,0.0014459877941039405,0.00017501337126446482,0.00017501337126446482
C96,22.0,0.00019276770615191848,558.0,0.000366255646441216,-0.00017348794028929752,0.00017348794028929752
J22,34.0,0.00029791372768932857,191.0,0.00012536707611159902,0.00017254665157772955,0.00017254665157772955
A40,31.0,0.00027162722230497606,151.0,9.911219106204948e-05,0.00017251503124292658,0.00017251503124292658
I61,1235.0,0.010821278049891787,16226.0,0.010650294120349768,0.0001709839295420193,0.0001709839295420193
D41,28.0,0.00024534071692062354,116.0,7.613916664369365e-05,0.00016920155027692988,0.00016920155027692988
C10,42.0,0.0003680110753809353,308.0,0.00020216261488153139,0.0001658484604994039,0.0001658484604994039
D86,29.0,0.0002541028853820744,139.0,9.123572554718462e-05,0.00016286715983488976,0.00016286715983488976
K43,61.0,0.0005344922761485012,569.0,0.0003734757398298421,0.00016101653631865913,0.00016101653631865913
A15,5.0,4.38108423072542e-05,310.0,0.00020347535913400888,-0.0001596645168267547,0.0001596645168267547
D64,41.0,0.00035924890691948444,305.0,0.00020019349850281518,0.00015905540841666926,0.00015905540841666926
J81,16.0,0.00014019469538321345,454.0,0.0002979929453123872,-0.00015779824992917375,0.00015779824992917375
I62,94.0,0.000823643835376379,1016.0,0.0006668740802585581,0.00015676975511782088,0.00015676975511782088
S22,62.0,0.0005432544446099521,1066.0,0.000699692686570495,-0.00015643824196054292,0.00015643824196054292
I65,0.0,0.0,232.0,0.0001522783332873873,-0.0001522783332873873,0.0001522783332873873
Q90,31.0,0.00027162722230497606,189.0,0.00012405433185912155,0.0001475728904458545,0.0001475728904458545
N20,13.0,0.00011390818999886092,398.0,0.00026123610624301783,-0.00014732791624415693,0.00014732791624415693
N10,115.0,0.0010076493730668465,1311.0,0.0008605038574989859,0.00014714551556786065,0.00014714551556786065
G91,34.0,0.00029791372768932857,233.0,0.00015293470541362603,0.00014497902227570255,0.00014497902227570255
C88,35.0,0.0003066758961507794,247.0,0.00016212391518096835,0.00014455198096981106,0.00014455198096981106
J15,258.0,0.0022606394630543167,3662.0,0.00240363472628626,-0.00014299526323194311,0.00014299526323194311
I36,42.0,0.0003680110753809353,345.0,0.00022644838355236473,0.00014156269182857056,0.00014156269182857056
I24,213.0,0.0018663418822890288,3047.0,0.0019999658686494356,-0.0001336239863604068,0.0001336239863604068
T29,7.0,6.133517923015588e-05,296.0,0.00019428614936666653,-0.00013295097013651063,0.00013295097013651063
K73,9.0,7.885951615305756e-05,322.0,0.00021135182464887374,-0.0001324923084958162,0.0001324923084958162
D69,41.0,0.00035924890691948444,349.0,0.00022907387205731966,0.00013017503486216478,0.00013017503486216478
T38,20.0,0.0001752433692290168,69.0,4.528967671047294e-05,0.00012995369251854385,0.00012995369251854385
J41,25.0,0.000219054211536271,531.0,0.00034853359903277005,-0.00012947938749649905,0.00012947938749649905
T40,30.0,0.0002628650538435252,204.0,0.0001338999137527026,0.0001289651400908226,0.0001289651400908226
S82,27.0,0.00023657854845917267,556.0,0.0003649429021887385,-0.0001283643537295658,0.0001283643537295658
S12,41.0,0.00035924890691948444,352.0,0.0002310429884360359,0.00012820591848344856,0.00012820591848344856
C40,14.0,0.00012267035846031177,379.0,0.0002487650358444818,-0.00012609467738417004,0.00012609467738417004
R64,37.0,0.0003242002330736811,302.0,0.00019822438212409896,0.00012597585094958213,0.00012597585094958213
J06,23.0,0.00020152987461336932,116.0,7.613916664369365e-05,0.00012539070796967569,0.00012539070796967569
J16,44.0,0.00038553541230383696,397.0,0.0002605797341167791,0.00012495567818705783,0.00012495567818705783
I82,69.0,0.0006045896238401079,1108.0,0.000727260315872522,-0.00012267069203241408,0.00012267069203241408
T31,9.0,7.885951615305756e-05,305.0,0.00020019349850281518,-0.00012133398234975762,0.00012133398234975762
C70,16.0,0.00014019469538321345,386.0,0.000253359640728153,-0.00011316494534493953,0.00011316494534493953
J40,24.0,0.00021029204307482016,492.0,0.00032293508610945924,-0.00011264304303463908,0.00011264304303463908
C06,32.0,0.0002803893907664269,257.0,0.00016868763644335575,0.00011170175432307115,0.00011170175432307115
C79,0.0,0.0,170.0,0.00011158326146058551,-0.00011158326146058551,0.00011158326146058551
K76,104.0,0.0009112655199908873,1219.0,0.000800117621885022,0.00011114789810586531,0.00011114789810586531
L97,14.0,0.00012267035846031177,19.0,1.2471070398536028e-05,0.00011019928806177575,0.00011019928806177575
T65,6.0,5.257301076870504e-05,247.0,0.00016212391518096835,-0.00010955090441226332,0.00010955090441226332
E07,16.0,0.00014019469538321345,47.0,3.08494899332207e-05,0.00010934520544999274,0.00010934520544999274
K29,14.0,0.00012267035846031177,351.0,0.00023038661630979716,-0.00010771625784948539,0.00010771625784948539
A16,3.0,2.628650538435252e-05,201.0,0.0001319307973739864,-0.0001056442919896339,0.0001056442919896339
A81,15.0,0.0001314325269217626,48.0,3.150586205945944e-05,9.992666486230317e-05,9.992666486230317e-05
K50,40.0,0.0003504867384580336,383.0,0.00025139052434943674,9.909621410859686e-05,9.909621410859686e-05
C39,42.0,0.0003680110753809353,410.0,0.0002691125717578827,9.889850362305259e-05,9.889850362305259e-05
T14,29.0,0.0002541028853820744,237.0,0.000155560193918581,9.854269146349339e-05,9.854269146349339e-05
I72,34.0,0.00029791372768932857,306.0,0.00020084987062905392,9.706385706027465e-05,9.706385706027465e-05
S26,18.0,0.00015771903230611513,388.0,0.00025467238498063044,-9.695335267451532e-05,9.695335267451532e-05
N03,1.0,8.76216846145084e-06,161.0,0.00010567591232443687,-9.691374386298603e-05,9.691374386298603e-05
G10,32.0,0.0002803893907664269,280.0,0.00018378419534684673,9.660519541958016e-05,9.660519541958016e-05
D50,24.0,0.00021029204307482016,174.0,0.00011420874996554046,9.60832931092797e-05,9.60832931092797e-05
I07,23.0,0.00020152987461336932,162.0,0.0001063322844506756,9.519759016269372e-05,9.519759016269372e-05
S27,59.0,0.0005169679392255995,643.0,0.0004220472771715087,9.492066205409082e-05,9.492066205409082e-05
J39,13.0,0.00011390818999886092,29.0,1.903479166092341e-05,9.48733983379375e-05,9.48733983379375e-05
C45,44.0,0.00038553541230383696,443.0,0.00029077285192376104,9.476256038007592e-05,9.476256038007592e-05
C09,50.0,0.000438108423072542,525.0,0.0003445953662753376,9.35130567972044e-05,9.35130567972044e-05
T93,16.0,0.00014019469538321345,72.0,4.725879308918916e-05,9.293590229402429e-05,9.293590229402429e-05
C86,13.0,0.00011390818999886092,33.0,2.1660280165878364e-05,9.224790983298255e-05,9.224790983298255e-05
B94,3.0,2.628650538435252e-05,180.0,0.00011814698272297289,-9.186047733862038e-05,9.186047733862038e-05
C82,69.0,0.0006045896238401079,1056.0,0.0006931289653081076,-8.853934146799971e-05,8.853934146799971e-05
C49,104.0,0.0009112655199908873,1257.0,0.0008250597626820941,8.620575730879326e-05,8.620575730879326e-05
D70,17.0,0.00014895686384466429,96.0,6.301172411891888e-05,8.594513972574541e-05,8.594513972574541e-05
E83,15.0,0.0001314325269217626,71.0,4.660242096295042e-05,8.483010595881219e-05,8.483010595881219e-05
E14,68.0,0.0005958274553786571,780.0,0.0005119702584662159,8.385719691244122e-05,8.385719691244122e-05
C52,55.0,0.0004819192653797962,607.0,0.00039841788062691414,8.350138475288205e-05,8.350138475288205e-05
T51,100.0,0.000876216846145084,1208.0,0.0007928975284963958,8.331931764868816e-05,8.331931764868816e-05
S32,87.0,0.000762308656146223,1286.0,0.0008440945543430174,-8.178589819679441e-05,8.178589819679441e-05
M54,10.0,8.76216846145084e-05,12.0,7.87646551486486e-06,7.974521909964354e-05,7.974521909964354e-05
M86,20.0,0.0001752433692290168,146.0,9.58303304308558e-05,7.941303879816101e-05,7.941303879816101e-05
M32,29.0,0.0002541028853820744,268.0,0.00017590772983198187,7.81951555500925e-05,7.81951555500925e-05
J43,81.0,0.000709735645377518,1200.0,0.000787646551486486,-7.791090610896796e-05,7.791090610896796e-05
D33,10.0,8.76216846145084e-05,252.0,0.00016540577581216205,-7.778409119765365e-05,7.778409119765365e-05
G70,19.0,0.00016648120076756596,138.0,9.057935342094588e-05,7.590184734662008e-05,7.590184734662008e-05
C03,21.0,0.00018400553769046764,165.0,0.00010830140082939182,7.570413686107582e-05,7.570413686107582e-05
G35,134.0,0.0011741305738344125,1904.0,0.0012497325283585578,-7.560195452414528e-05,7.560195452414528e-05
F10,66.0,0.0005783031184557555,766.0,0.0005027810486988735,7.552206975688198e-05,7.552206975688198e-05
M00,17.0,0.00014895686384466429,113.0,7.417005026497743e-05,7.478681357968685e-05,7.478681357968685e-05
T69,12.0,0.00010514602153741008,273.0,0.00017918959046317557,-7.404356892576549e-05,7.404356892576549e-05
G23,13.0,0.00011390818999886092,62.0,4.069507182680177e-05,7.321311817205914e-05,7.321311817205914e-05
E06,11.0,9.638385307595924e-05,36.0,2.362939654459458e-05,7.275445653136466e-05,7.275445653136466e-05
K66,22.0,0.00019276770615191848,184.0,0.00012077247122792784,7.199523492399064e-05,7.199523492399064e-05
C66,25.0,0.000219054211536271,226.0,0.00014834010052995486,7.071411100631613e-05,7.071411100631613e-05
N28,7.0,6.133517923015588e-05,201.0,0.0001319307973739864,-7.059561814383053e-05,7.059561814383053e-05
J80,18.0,0.00015771903230611513,134.0,8.795386491599094e-05,6.976516739012419e-05,6.976516739012419e-05
B44,9.0,7.885951615305756e-05,14.0,9.189209767342336e-06,6.967030638571522e-05,6.967030638571522e-05
C13,25.0,0.000219054211536271,228.0,0.00014965284478243233,6.940136675383867e-05,6.940136675383867e-05
S42,27.0,0.00023657854845917267,466.0,0.00030586941082725205,-6.929086236807938e-05,6.929086236807938e-05
Q61,13.0,0.00011390818999886092,69.0,4.528967671047294e-05,6.861851328838798e-05,6.861851328838798e-05
I23,0.0,0.0,103.0,6.760632900259004e-05,-6.760632900259004e-05,6.760632900259004e-05
F72,10.0,8.76216846145084e-05,32.0,2.1003908039639627e-05,6.661777657486877e-05,6.661777657486877e-05
D39,19.0,0.00016648120076756596,153.0,0.00010042493531452696,6.6056265453039e-05,6.6056265453039e-05
T84,16.0,0.00014019469538321345,115.0,7.54827945174549e-05,6.471190086575855e-05,6.471190086575855e-05
R57,18.0,0.00015771903230611513,142.0,9.320484192590083e-05,6.451419038021429e-05,6.451419038021429e-05
D45,21.0,0.00018400553769046764,183.0,0.00012011609910168911,6.388943858877853e-05,6.388943858877853e-05
E85,18.0,0.00015771903230611513,143.0,9.386121405213958e-05,6.385781825397554e-05,6.385781825397554e-05
T45,17.0,0.00014895686384466429,131.0,8.598474853727472e-05,6.297211530738957e-05,6.297211530738957e-05
I47,21.0,0.00018400553769046764,185.0,0.00012142884335416659,6.257669433630105e-05,6.257669433630105e-05
K86,40.0,0.0003504867384580336,628.0,0.00041220169527792763,-6.171495681989403e-05,6.171495681989403e-05
K85,246.0,0.0021554934415169064,3190.0,0.002093827082701575,6.166635881533133e-05,6.166635881533133e-05
K21,14.0,0.00012267035846031177,93.0,6.104260774020266e-05,6.162775072010911e-05,6.162775072010911e-05
K75,34.0,0.00029791372768932857,361.0,0.00023695033757218452,6.096339011714405e-05,6.096339011714405e-05
S25,29.0,0.0002541028853820744,480.0,0.0003150586205945944,-6.095573521252e-05,6.095573521252e-05
C95,63.0,0.0005520166130714029,932.0,0.0006117388216545041,-5.972220858310121e-05,5.972220858310121e-05
J86,16.0,0.00014019469538321345,124.0,8.139014365360354e-05,5.8804551729609903e-05,5.8804551729609903e-05
J90,15.0,0.0001314325269217626,111.0,7.285730601249995e-05,5.857522090926266e-05,5.857522090926266e-05
J09,9.0,7.885951615305756e-05,31.0,2.0347535913400886e-05,5.851198023965668e-05,5.851198023965668e-05
G00,18.0,0.00015771903230611513,329.0,0.0002159464295325449,-5.822739722642978e-05,5.822739722642978e-05
F50,12.0,0.00010514602153741008,73.0,4.79151652154279e-05,5.723085632198218e-05,5.723085632198218e-05
T90,12.0,0.00010514602153741008,75.0,4.922790946790537e-05,5.591811206950471e-05,5.591811206950471e-05
C48,95.0,0.0008324060038378297,1183.0,0.0007764882253404274,5.591777849740234e-05,5.591777849740234e-05
K71,32.0,0.0002803893907664269,342.0,0.0002244792671736485,5.59101235927784e-05,5.59101235927784e-05
T46,19.0,0.00016648120076756596,170.0,0.00011158326146058551,5.489793930698045e-05,5.489793930698045e-05
A48,13.0,0.00011390818999886092,90.0,5.9073491361486447e-05,5.483469863737447e-05,5.483469863737447e-05
G03,0.0,0.0,83.0,5.4478886477815276e-05,-5.4478886477815276e-05,5.4478886477815276e-05
L02,18.0,0.00015771903230611513,159.0,0.00010436316807195939,5.3355864234155736e-05,5.3355864234155736e-05
K41,3.0,2.628650538435252e-05,121.0,7.942102727488733e-05,-5.313452189053481e-05,5.313452189053481e-05
N13,44.0,0.00038553541230383696,507.0,0.00033278066800304033,5.275474430079663e-05,5.275474430079663e-05
N15,20.0,0.0001752433692290168,187.0,0.00012274158760664406,5.2501781622372746e-05,5.2501781622372746e-05
I40,7.0,6.133517923015588e-05,173.0,0.00011355237783930173,-5.2217198609145845e-05,5.2217198609145845e-05
Q24,8.0,7.009734769160672e-05,28.0,1.837841953468467e-05,5.1718928156922056e-05,5.1718928156922056e-05
K44,16.0,0.00014019469538321345,135.0,8.861023704222967e-05,5.158445834098378e-05,5.158445834098378e-05
I77,16.0,0.00014019469538321345,138.0,9.057935342094588e-05,4.961534196226756e-05,4.961534196226756e-05
E04,9.0,7.885951615305756e-05,45.0,2.9536745680743223e-05,4.932277047231434e-05,4.932277047231434e-05
S21,0.0,0.0,75.0,4.922790946790537e-05,-4.922790946790537e-05,4.922790946790537e-05
L08,7.0,6.133517923015588e-05,19.0,1.2471070398536028e-05,4.8864108831619855e-05,4.8864108831619855e-05
I85,31.0,0.00027162722230497606,340.0,0.00022316652292117103,4.846069938380503e-05,4.846069938380503e-05
C77,0.0,0.0,73.0,4.79151652154279e-05,-4.79151652154279e-05,4.79151652154279e-05
T68,33.0,0.00028915155922787773,513.0,0.00033671890076047273,-4.7567341532595e-05,4.7567341532595e-05
G82,14.0,0.00012267035846031177,115.0,7.54827945174549e-05,4.718756394285687e-05,4.718756394285687e-05
B17,2.0,1.752433692290168e-05,97.0,6.366809624515761e-05,-4.614375932225593e-05,4.614375932225593e-05
K92,141.0,0.0012354657530645684,1813.0,0.0011900026648708326,4.546308819373588e-05,4.546308819373588e-05
E05,20.0,0.0001752433692290168,198.0,0.00012996168099527018,4.528168823374662e-05,4.528168823374662e-05
T39,3.0,2.628650538435252e-05,109.0,7.154456176002247e-05,-4.525805637566995e-05,4.525805637566995e-05
K52,53.0,0.0004643949284568945,639.0,0.0004194217886665538,4.4973139790340725e-05,4.4973139790340725e-05
J85,12.0,0.00010514602153741008,228.0,0.00014965284478243233,-4.450682324502225e-05,4.450682324502225e-05
I09,2.0,1.752433692290168e-05,94.0,6.16989798664414e-05,-4.417464294353972e-05,4.417464294353972e-05
K30,11.0,9.638385307595924e-05,80.0,5.250977009909906e-05,4.387408297686018e-05,4.387408297686018e-05
C01,28.0,0.00024534071692062354,307.0,0.00020150624275529265,4.383447416533089e-05,4.383447416533089e-05
G80,22.0,0.00019276770615191848,227.0,0.0001489964726561936,4.377123349572488e-05,4.377123349572488e-05
D35,11.0,9.638385307595924e-05,81.0,5.31661422253378e-05,4.321771085062144e-05,4.321771085062144e-05
S65,2.0,1.752433692290168e-05,92.0,6.038623561396392e-05,-4.2861898691062237e-05,4.2861898691062237e-05
T81,28.0,0.00024534071692062354,439.0,0.0002881473634188061,-4.280664649818257e-05,4.280664649818257e-05
F11,6.0,5.257301076870504e-05,15.0,9.845581893581074e-06,4.2727428875123965e-05,4.2727428875123965e-05
F06,9.0,7.885951615305756e-05,56.0,3.675683906936934e-05,4.210267708368822e-05,4.210267708368822e-05
G37,10.0,8.76216846145084e-05,197.0,0.00012930530886903145,-4.168362425452305e-05,4.168362425452305e-05
J46,6.0,5.257301076870504e-05,143.0,9.386121405213958e-05,-4.128820328343454e-05,4.128820328343454e-05
B34,8.0,7.009734769160672e-05,44.0,2.8880373554504486e-05,4.1216974137102234e-05,4.1216974137102234e-05
T44,8.0,7.009734769160672e-05,44.0,2.8880373554504486e-05,4.1216974137102234e-05,4.1216974137102234e-05
D62,9.0,7.885951615305756e-05,59.0,3.872595544808556e-05,4.0133560704972005e-05,4.0133560704972005e-05
I08,152.0,0.0013318496061405277,1968.0,0.001291740344437837,4.0109261702690746e-05,4.0109261702690746e-05
M33,8.0,7.009734769160672e-05,48.0,3.150586205945944e-05,3.8591485632147286e-05,3.8591485632147286e-05
A85,5.0,4.38108423072542e-05,8.0,5.250977009909907e-06,3.8559865297344297e-05,3.8559865297344297e-05
T01,1.0,8.76216846145084e-06,72.0,4.725879308918916e-05,-3.849662462773832e-05,3.849662462773832e-05
D32,19.0,0.00016648120076756596,311.0,0.00020413173126024761,-3.765053049268165e-05,3.765053049268165e-05
R98,120.0,0.0010514602153741009,1659.0,0.0010889213574300667,-3.746114205596587e-05,3.746114205596587e-05
C93,22.0,0.00019276770615191848,237.0,0.000155560193918581,3.720751223333749e-05,3.720751223333749e-05
K28,13.0,0.00011390818999886092,117.0,7.679553876993238e-05,3.711265122892854e-05,3.711265122892854e-05
E16,10.0,8.76216846145084e-05,77.0,5.0540653720382846e-05,3.7081030894125555e-05,3.7081030894125555e-05
B99,7.0,6.133517923015588e-05,37.0,2.4285768670833316e-05,3.704941055932257e-05,3.704941055932257e-05
I28,12.0,0.00010514602153741008,104.0,6.826270112882879e-05,3.688332040858129e-05,3.688332040858129e-05
K72,101.0,0.0008849790146065349,1293.0,0.0008486891592266886,3.628985537984628e-05,3.628985537984628e-05
G92,11.0,9.638385307595924e-05,92.0,6.038623561396392e-05,3.599761746199532e-05,3.599761746199532e-05
D76,5.0,4.38108423072542e-05,13.0,8.532837641103598e-06,3.52780046661506e-05,3.52780046661506e-05
N32,7.0,6.133517923015588e-05,40.0,2.625488504954953e-05,3.508029418060636e-05,3.508029418060636e-05
C31,14.0,0.00012267035846031177,240.0,0.0001575293102972972,-3.485895183698542e-05,3.485895183698542e-05
S70,8.0,7.009734769160672e-05,54.0,3.544409481689187e-05,3.4653252874714856e-05,3.4653252874714856e-05
B02,6.0,5.257301076870504e-05,28.0,1.837841953468467e-05,3.4194591234020365e-05,3.4194591234020365e-05
G62,8.0,7.009734769160672e-05,55.0,3.610046694313061e-05,3.3996880748476115e-05,3.3996880748476115e-05
Q25,8.0,7.009734769160672e-05,55.0,3.610046694313061e-05,3.3996880748476115e-05,3.3996880748476115e-05
T52,1.0,8.76216846145084e-06,65.0,4.266418820551799e-05,-3.390201974406715e-05,3.390201974406715e-05
K38,4.0,3.504867384580336e-05,2.0,1.3127442524774767e-06,3.373592959332589e-05,3.373592959332589e-05
G11,6.0,5.257301076870504e-05,29.0,1.903479166092341e-05,3.353821910778163e-05,3.353821910778163e-05
Q23,6.0,5.257301076870504e-05,29.0,1.903479166092341e-05,3.353821910778163e-05,3.353821910778163e-05
S30,5.0,4.38108423072542e-05,16.0,1.0501954019819813e-05,3.3308888287434386e-05,3.3308888287434386e-05
S81,6.0,5.257301076870504e-05,30.0,1.969116378716215e-05,3.288184698154289e-05,3.288184698154289e-05
D13,0.0,0.0,50.0,3.281860631193691e-05,-3.281860631193691e-05,3.281860631193691e-05
M31,14.0,0.00012267035846031177,137.0,8.992298129470715e-05,3.274737716560462e-05,3.274737716560462e-05
N26,1.0,8.76216846145084e-06,63.0,4.135144395304051e-05,-3.2589275491589674e-05,3.2589275491589674e-05
S35,10.0,8.76216846145084e-05,84.0,5.513525860405402e-05,3.2486426010454385e-05,3.2486426010454385e-05
T94,4.0,3.504867384580336e-05,102.0,6.69499568763513e-05,-3.1901283030547944e-05,3.1901283030547944e-05
F13,4.0,3.504867384580336e-05,5.0,3.2818606311936913e-06,3.176681321460967e-05,3.176681321460967e-05
Q44,4.0,3.504867384580336e-05,5.0,3.2818606311936913e-06,3.176681321460967e-05,3.176681321460967e-05
S36,19.0,0.00016648120076756596,302.0,0.00019822438212409896,-3.174318135653299e-05,3.174318135653299e-05
G06,11.0,9.638385307595924e-05,99.0,6.498084049763509e-05,3.140301257832415e-05,3.140301257832415e-05
R26,4.0,3.504867384580336e-05,6.0,3.93823275743243e-06,3.111044108837093e-05,3.111044108837093e-05
J70,11.0,9.638385307595924e-05,100.0,6.563721262387383e-05,3.0746640452085415e-05,3.0746640452085415e-05
S55,7.0,6.133517923015588e-05,47.0,3.08494899332207e-05,3.0485689296935187e-05,3.0485689296935187e-05
S18,2.0,1.752433692290168e-05,73.0,4.79151652154279e-05,-3.0390828292526217e-05,3.0390828292526217e-05
S07,14.0,0.00012267035846031177,233.0,0.00015293470541362603,-3.0264346953314257e-05,3.0264346953314257e-05
D75,6.0,5.257301076870504e-05,126.0,8.270288790608103e-05,-3.0129877137375986e-05,3.0129877137375986e-05
K31,9.0,7.885951615305756e-05,166.0,0.00010895777295563055,-3.009825680257299e-05,3.009825680257299e-05
K11,5.0,4.38108423072542e-05,21.0,1.3783814651013504e-05,3.0027027656240696e-05,3.0027027656240696e-05
Q28,5.0,4.38108423072542e-05,21.0,1.3783814651013504e-05,3.0027027656240696e-05,3.0027027656240696e-05
K22,35.0,0.0003066758961507794,422.0,0.00027698903727274755,2.968685887803186e-05,2.968685887803186e-05
G81,5.0,4.38108423072542e-05,22.0,1.4440186777252243e-05,2.9370655530001956e-05,2.9370655530001956e-05
S09,10.0,8.76216846145084e-05,178.0,0.00011683423847049541,-2.921255385598701e-05,2.921255385598701e-05
Q21,13.0,0.00011390818999886092,130.0,8.532837641103597e-05,2.8579813587824944e-05,2.8579813587824944e-05
C68,27.0,0.00023657854845917267,318.0,0.00020872633614391878,2.7852212315253896e-05,2.7852212315253896e-05
T04,12.0,0.00010514602153741008,202.0,0.00013258716950022514,-2.7441147962815066e-05,2.7441147962815066e-05
B37,8.0,7.009734769160672e-05,65.0,4.266418820551799e-05,2.7433159486088737e-05,2.7433159486088737e-05
C04,28.0,0.00024534071692062354,332.0,0.0002179155459112611,2.7425171009362435e-05,2.7425171009362435e-05
E21,5.0,4.38108423072542e-05,25.0,1.6409303155968456e-05,2.7401539151285744e-05,2.7401539151285744e-05
F32,5.0,4.38108423072542e-05,25.0,1.6409303155968456e-05,2.7401539151285744e-05,2.7401539151285744e-05
K81,58.0,0.0005082057707641488,816.0,0.0005355996550108104,-2.739388424666169e-05,2.739388424666169e-05
E64,15.0,0.0001314325269217626,159.0,0.00010436316807195939,2.706935884980322e-05,2.706935884980322e-05
S14,15.0,0.0001314325269217626,159.0,0.00010436316807195939,2.706935884980322e-05,2.706935884980322e-05
A18,0.0,0.0,41.0,2.691125717578827e-05,-2.691125717578827e-05,2.691125717578827e-05
K51,36.0,0.00031543806461223025,440.0,0.00028880373554504487,2.6634329067185382e-05,2.6634329067185382e-05
R04,4.0,3.504867384580336e-05,13.0,8.532837641103598e-06,2.6515836204699762e-05,2.6515836204699762e-05
L12,6.0,5.257301076870504e-05,40.0,2.625488504954953e-05,2.631812571915551e-05,2.631812571915551e-05
S51,5.0,4.38108423072542e-05,27.0,1.7722047408445934e-05,2.6088794898808267e-05,2.6088794898808267e-05
I81,4.0,3.504867384580336e-05,93.0,6.104260774020266e-05,-2.59939338943993e-05,2.59939338943993e-05
C75,7.0,6.133517923015588e-05,133.0,8.729749278975219e-05,-2.5962313559596304e-05,2.5962313559596304e-05
K80,200.0,0.001752433692290168,2709.0,0.0017781120899807421,-2.5678397690574164e-05,2.5678397690574164e-05
S29,3.0,2.628650538435252e-05,79.0,5.185339797286033e-05,-2.5566892588507808e-05,2.5566892588507808e-05
J98,13.0,0.00011390818999886092,135.0,8.861023704222967e-05,2.5297952956631248e-05,2.5297952956631248e-05
K45,13.0,0.00011390818999886092,135.0,8.861023704222967e-05,2.5297952956631248e-05,2.5297952956631248e-05
F71,4.0,3.504867384580336e-05,15.0,9.845581893581074e-06,2.5203091952222287e-05,2.5203091952222287e-05
F05,3.0,2.628650538435252e-05,78.0,5.119702584662159e-05,-2.4910520462269067e-05,2.4910520462269067e-05
G95,6.0,5.257301076870504e-05,118.0,7.745191089617111e-05,-2.4878900127466075e-05,2.4878900127466075e-05
D12,4.0,3.504867384580336e-05,16.0,1.0501954019819813e-05,2.4546719825983547e-05,2.4546719825983547e-05
K62,12.0,0.00010514602153741008,123.0,8.073377152736481e-05,2.441225001004527e-05,2.441225001004527e-05
Q60,3.0,2.628650538435252e-05,3.0,1.969116378716215e-06,2.4317389005636305e-05,2.4317389005636305e-05
D73,0.0,0.0,37.0,2.4285768670833316e-05,-2.4285768670833316e-05,2.4285768670833316e-05
Q85,4.0,3.504867384580336e-05,17.0,1.115832614605855e-05,2.3890347699744813e-05,2.3890347699744813e-05
T67,4.0,3.504867384580336e-05,17.0,1.115832614605855e-05,2.3890347699744813e-05,2.3890347699744813e-05
G45,5.0,4.38108423072542e-05,31.0,2.0347535913400886e-05,2.3463306393853315e-05,2.3463306393853315e-05
B16,1.0,8.76216846145084e-06,49.0,3.216223418569818e-05,-2.340006572424734e-05,2.340006572424734e-05
S00,4.0,3.504867384580336e-05,18.0,1.181469827229729e-05,2.3233975573506073e-05,2.3233975573506073e-05
A02,12.0,0.00010514602153741008,125.0,8.204651577984229e-05,2.3099505757567787e-05,2.3099505757567787e-05
I73,9.0,7.885951615305756e-05,85.0,5.579163073029276e-05,2.3067885422764805e-05,2.3067885422764805e-05
F09,3.0,2.628650538435252e-05,5.0,3.2818606311936913e-06,2.3004644753158827e-05,2.3004644753158827e-05
F70,3.0,2.628650538435252e-05,5.0,3.2818606311936913e-06,2.3004644753158827e-05,2.3004644753158827e-05
C74,28.0,0.00024534071692062354,339.0,0.0002225101507949323,2.2830566125691244e-05,2.2830566125691244e-05
K27,28.0,0.00024534071692062354,339.0,0.0002225101507949323,2.2830566125691244e-05,2.2830566125691244e-05
G25,5.0,4.38108423072542e-05,32.0,2.1003908039639627e-05,2.2806934267614574e-05,2.2806934267614574e-05
S20,4.0,3.504867384580336e-05,19.0,1.2471070398536028e-05,2.2577603447267332e-05,2.2577603447267332e-05
K46,7.0,6.133517923015588e-05,60.0,3.93823275743243e-05,2.1952851655831587e-05,2.1952851655831587e-05
A19,2.0,1.752433692290168e-05,60.0,3.93823275743243e-05,-2.1857990651422617e-05,2.1857990651422617e-05
I95,9.0,7.885951615305756e-05,87.0,5.710437498277023e-05,2.175514117028733e-05,2.175514117028733e-05
J14,0.0,0.0,33.0,2.1660280165878364e-05,-2.1660280165878364e-05,2.1660280165878364e-05
C14,14.0,0.00012267035846031177,154.0,0.00010108130744076569,2.1589051019546077e-05,2.1589051019546077e-05
T82,5.0,4.38108423072542e-05,34.0,2.23166522921171e-05,2.14941900151371e-05,2.14941900151371e-05
I78,4.0,3.504867384580336e-05,21.0,1.3783814651013504e-05,2.1264859194789858e-05,2.1264859194789858e-05
K35,21.0,0.00018400553769046764,248.0,0.0001627802873072071,2.1225250383260553e-05,2.1225250383260553e-05
S52,2.0,1.752433692290168e-05,59.0,3.872595544808556e-05,-2.1201618525183876e-05,2.1201618525183876e-05
L98,3.0,2.628650538435252e-05,8.0,5.250977009909907e-06,2.1035528374442612e-05,2.1035528374442612e-05
S80,3.0,2.628650538435252e-05,8.0,5.250977009909907e-06,2.1035528374442612e-05,2.1035528374442612e-05
J21,7.0,6.133517923015588e-05,125.0,8.204651577984229e-05,-2.0711336549686406e-05,2.0711336549686406e-05
C33,7.0,6.133517923015588e-05,125.0,8.204651577984229e-05,-2.0711336549686406e-05,2.0711336549686406e-05
C72,22.0,0.00019276770615191848,325.0,0.00021332094102758994,-2.055323487567146e-05,2.055323487567146e-05
T42,41.0,0.00035924890691948444,578.0,0.0003793830889659907,-2.013418204650628e-05,2.013418204650628e-05
T59,2.0,1.752433692290168e-05,57.0,3.741321119560808e-05,-1.9888874272706402e-05,1.9888874272706402e-05
T32,3.0,2.628650538435252e-05,10.0,6.563721262387383e-06,1.9722784121965138e-05,1.9722784121965138e-05
J47,5.0,4.38108423072542e-05,37.0,2.4285768670833316e-05,1.9525073636420885e-05,1.9525073636420885e-05
D72,1.0,8.76216846145084e-06,43.0,2.8224001428265746e-05,-1.9461832966814903e-05,1.9461832966814903e-05
M08,3.0,2.628650538435252e-05,11.0,7.2200933886261215e-06,1.9066411995726397e-05,1.9066411995726397e-05
K61,5.0,4.38108423072542e-05,38.0,2.4942140797072056e-05,1.8868701510182144e-05,1.8868701510182144e-05
N25,4.0,3.504867384580336e-05,25.0,1.6409303155968456e-05,1.8639370689834906e-05,1.8639370689834906e-05
C84,32.0,0.0002803893907664269,399.0,0.0002618924783692566,1.8496912397170302e-05,1.8496912397170302e-05
G04,13.0,0.00011390818999886092,146.0,9.58303304308558e-05,1.8077859568005122e-05,1.8077859568005122e-05
G96,7.0,6.133517923015588e-05,66.0,4.332056033175673e-05,1.8014618898399158e-05,1.8014618898399158e-05
C51,177.0,0.0015509038176767986,2390.0,0.0015687293817105846,-1.7825564033786e-05,1.7825564033786e-05
B01,2.0,1.752433692290168e-05,0.0,0.0,1.752433692290168e-05,1.752433692290168e-05
B00,4.0,3.504867384580336e-05,27.0,1.7722047408445934e-05,1.7326626437357428e-05,1.7326626437357428e-05
C00,12.0,0.00010514602153741008,134.0,8.795386491599094e-05,1.7192156621419143e-05,1.7192156621419143e-05
T09,0.0,0.0,26.0,1.7065675282207197e-05,-1.7065675282207197e-05,1.7065675282207197e-05
R02,0.0,0.0,26.0,1.7065675282207197e-05,-1.7065675282207197e-05,1.7065675282207197e-05
K82,17.0,0.00014895686384466429,201.0,0.0001319307973739864,1.7026066470677875e-05,1.7026066470677875e-05
G71,6.0,5.257301076870504e-05,106.0,6.957544538130625e-05,-1.7002434612601215e-05,1.7002434612601215e-05
M65,2.0,1.752433692290168e-05,1.0,6.563721262387383e-07,1.6867964796662944e-05,1.6867964796662944e-05
C08,16.0,0.00014019469538321345,188.0,0.0001233979597328828,1.6796735650330657e-05,1.6796735650330657e-05
C69,25.0,0.000219054211536271,359.0,0.00023563759331970705,-1.6583381783436056e-05,1.6583381783436056e-05
M34,5.0,4.38108423072542e-05,92.0,6.038623561396392e-05,-1.657539330670972e-05,1.657539330670972e-05
T86,0.0,0.0,25.0,1.6409303155968456e-05,-1.6409303155968456e-05,1.6409303155968456e-05
D16,2.0,1.752433692290168e-05,2.0,1.3127442524774767e-06,1.6211592670424203e-05,1.6211592670424203e-05
Q01,2.0,1.752433692290168e-05,2.0,1.3127442524774767e-06,1.6211592670424203e-05,1.6211592670424203e-05
K20,10.0,8.76216846145084e-05,109.0,7.154456176002247e-05,1.607712285448593e-05,1.607712285448593e-05
F20,2.0,1.752433692290168e-05,51.0,3.347497843817565e-05,-1.5950641515273972e-05,1.5950641515273972e-05
T76,2.0,1.752433692290168e-05,3.0,1.969116378716215e-06,1.5555220544185466e-05,1.5555220544185466e-05
S91,2.0,1.752433692290168e-05,3.0,1.969116378716215e-06,1.5555220544185466e-05,1.5555220544185466e-05
E72,2.0,1.752433692290168e-05,3.0,1.969116378716215e-06,1.5555220544185466e-05,1.5555220544185466e-05
S40,2.0,1.752433692290168e-05,3.0,1.969116378716215e-06,1.5555220544185466e-05,1.5555220544185466e-05
E70,2.0,1.752433692290168e-05,3.0,1.969116378716215e-06,1.5555220544185466e-05,1.5555220544185466e-05
G50,2.0,1.752433692290168e-05,3.0,1.969116378716215e-06,1.5555220544185466e-05,1.5555220544185466e-05
S61,1.0,8.76216846145084e-06,37.0,2.4285768670833316e-05,-1.5523600209382474e-05,1.5523600209382474e-05
C38,64.0,0.0005607787815328538,831.0,0.0005454452369043915,1.5333544628462308e-05,1.5333544628462308e-05
J93,2.0,1.752433692290168e-05,50.0,3.281860631193691e-05,-1.529426938903523e-05,1.529426938903523e-05
N14,0.0,0.0,23.0,1.509655890349098e-05,-1.509655890349098e-05,1.509655890349098e-05
K36,0.0,0.0,23.0,1.509655890349098e-05,-1.509655890349098e-05,1.509655890349098e-05
S01,9.0,7.885951615305756e-05,143.0,9.386121405213958e-05,-1.5001697899082018e-05,1.5001697899082018e-05
I15,9.0,7.885951615305756e-05,98.0,6.432446837139636e-05,1.4535047781661205e-05,1.4535047781661205e-05
C05,14.0,0.00012267035846031177,209.0,0.0001371817743838963,-1.4511415923584538e-05,1.4511415923584538e-05
Q20,0.0,0.0,22.0,1.4440186777252243e-05,-1.4440186777252243e-05,1.4440186777252243e-05
R58,1.0,8.76216846145084e-06,35.0,2.297302441835584e-05,-1.4210855956905001e-05,1.4210855956905001e-05
T62,4.0,3.504867384580336e-05,32.0,2.1003908039639627e-05,1.4044765806163735e-05,1.4044765806163735e-05
A08,4.0,3.504867384580336e-05,32.0,2.1003908039639627e-05,1.4044765806163735e-05,1.4044765806163735e-05
I89,4.0,3.504867384580336e-05,32.0,2.1003908039639627e-05,1.4044765806163735e-05,1.4044765806163735e-05
J67,2.0,1.752433692290168e-05,48.0,3.150586205945944e-05,-1.3981525136557757e-05,1.3981525136557757e-05
B22,0.0,0.0,21.0,1.3783814651013504e-05,-1.3783814651013504e-05,1.3783814651013504e-05
T24,0.0,0.0,21.0,1.3783814651013504e-05,-1.3783814651013504e-05,1.3783814651013504e-05
D59,6.0,5.257301076870504e-05,101.0,6.629358475011257e-05,-1.3720573981407533e-05,1.3720573981407533e-05
D51,5.0,4.38108423072542e-05,46.0,3.019311780698196e-05,1.361772450027224e-05,1.361772450027224e-05
D42,5.0,4.38108423072542e-05,46.0,3.019311780698196e-05,1.361772450027224e-05,1.361772450027224e-05
E26,2.0,1.752433692290168e-05,6.0,3.93823275743243e-06,1.3586104165469251e-05,1.3586104165469251e-05
S11,5.0,4.38108423072542e-05,87.0,5.710437498277023e-05,-1.3293532675516031e-05,1.3293532675516031e-05
D81,3.0,2.628650538435252e-05,20.0,1.3127442524774765e-05,1.3159062859577754e-05,1.3159062859577754e-05
F07,3.0,2.628650538435252e-05,20.0,1.3127442524774765e-05,1.3159062859577754e-05,1.3159062859577754e-05
M80,6.0,5.257301076870504e-05,100.0,6.563721262387383e-05,-1.3064201855168786e-05,1.3064201855168786e-05
D52,2.0,1.752433692290168e-05,7.0,4.594604883671168e-06,1.2929732039230514e-05,1.2929732039230514e-05
J03,2.0,1.752433692290168e-05,7.0,4.594604883671168e-06,1.2929732039230514e-05,1.2929732039230514e-05
F15,2.0,1.752433692290168e-05,7.0,4.594604883671168e-06,1.2929732039230514e-05,1.2929732039230514e-05
E88,10.0,8.76216846145084e-05,114.0,7.482642239121617e-05,1.2795262223292236e-05,1.2795262223292236e-05
D89,3.0,2.628650538435252e-05,21.0,1.3783814651013504e-05,1.2502690733339016e-05,1.2502690733339016e-05
S19,0.0,0.0,19.0,1.2471070398536028e-05,-1.2471070398536028e-05,1.2471070398536028e-05
D27,0.0,0.0,19.0,1.2471070398536028e-05,-1.2471070398536028e-05,1.2471070398536028e-05
G90,0.0,0.0,19.0,1.2471070398536028e-05,-1.2471070398536028e-05,1.2471070398536028e-05
M81,2.0,1.752433692290168e-05,8.0,5.250977009909907e-06,1.2273359912991773e-05,1.2273359912991773e-05
D14,2.0,1.752433692290168e-05,8.0,5.250977009909907e-06,1.2273359912991773e-05,1.2273359912991773e-05
N04,2.0,1.752433692290168e-05,45.0,2.9536745680743223e-05,-1.2012408757841542e-05,1.2012408757841542e-05
G60,0.0,0.0,18.0,1.181469827229729e-05,-1.181469827229729e-05,1.181469827229729e-05
E01,2.0,1.752433692290168e-05,9.0,5.907349136148645e-06,1.1616987786753036e-05,1.1616987786753036e-05
F31,2.0,1.752433692290168e-05,9.0,5.907349136148645e-06,1.1616987786753036e-05,1.1616987786753036e-05
O67,2.0,1.752433692290168e-05,9.0,5.907349136148645e-06,1.1616987786753036e-05,1.1616987786753036e-05
N05,1.0,8.76216846145084e-06,31.0,2.0347535913400886e-05,-1.1585367451950046e-05,1.1585367451950046e-05
D53,1.0,8.76216846145084e-06,31.0,2.0347535913400886e-05,-1.1585367451950046e-05,1.1585367451950046e-05
T54,1.0,8.76216846145084e-06,31.0,2.0347535913400886e-05,-1.1585367451950046e-05,1.1585367451950046e-05
D44,4.0,3.504867384580336e-05,36.0,2.362939654459458e-05,1.1419277301208783e-05,1.1419277301208783e-05
K90,4.0,3.504867384580336e-05,36.0,2.362939654459458e-05,1.1419277301208783e-05,1.1419277301208783e-05
S37,3.0,2.628650538435252e-05,23.0,1.509655890349098e-05,1.118994648086154e-05,1.118994648086154e-05
T18,0.0,0.0,17.0,1.115832614605855e-05,-1.115832614605855e-05,1.115832614605855e-05
S79,0.0,0.0,17.0,1.115832614605855e-05,-1.115832614605855e-05,1.115832614605855e-05
M48,0.0,0.0,17.0,1.115832614605855e-05,-1.115832614605855e-05,1.115832614605855e-05
J94,5.0,4.38108423072542e-05,50.0,3.281860631193691e-05,1.0992235995317288e-05,1.0992235995317288e-05
N34,2.0,1.752433692290168e-05,43.0,2.8224001428265746e-05,-1.0699664505364065e-05,1.0699664505364065e-05
D84,2.0,1.752433692290168e-05,43.0,2.8224001428265746e-05,-1.0699664505364065e-05,1.0699664505364065e-05
G61,5.0,4.38108423072542e-05,83.0,5.4478886477815276e-05,-1.0668044170561076e-05,1.0668044170561076e-05
K59,6.0,5.257301076870504e-05,64.0,4.200781607927925e-05,1.0565194689425786e-05,1.0565194689425786e-05
S92,0.0,0.0,16.0,1.0501954019819813e-05,-1.0501954019819813e-05,1.0501954019819813e-05
I86,0.0,0.0,16.0,1.0501954019819813e-05,-1.0501954019819813e-05,1.0501954019819813e-05
O75,0.0,0.0,16.0,1.0501954019819813e-05,-1.0501954019819813e-05,1.0501954019819813e-05
C30,12.0,0.00010514602153741008,176.0,0.00011552149421801794,-1.0375472680607866e-05,1.0375472680607866e-05
J36,2.0,1.752433692290168e-05,11.0,7.2200933886261215e-06,1.0304243534275559e-05,1.0304243534275559e-05
A84,1.0,8.76216846145084e-06,29.0,1.903479166092341e-05,-1.0272623199472571e-05,1.0272623199472571e-05
S24,0.0,0.0,15.0,9.845581893581074e-06,-9.845581893581074e-06,9.845581893581074e-06
I30,14.0,0.00012267035846031177,172.0,0.00011289600571306298,9.774352747248788e-06,9.774352747248788e-06
K40,14.0,0.00012267035846031177,172.0,0.00011289600571306298,9.774352747248788e-06,9.774352747248788e-06
L51,2.0,1.752433692290168e-05,12.0,7.87646551486486e-06,9.647871408036821e-06,9.647871408036821e-06
R55,2.0,1.752433692290168e-05,12.0,7.87646551486486e-06,9.647871408036821e-06,9.647871408036821e-06
C07,30.0,0.0002628650538435252,386.0,0.000253359640728153,9.505413115372245e-06,9.505413115372245e-06
T27,3.0,2.628650538435252e-05,26.0,1.7065675282207197e-05,9.220830102145323e-06,9.220830102145323e-06
T98,2.0,1.752433692290168e-05,13.0,8.532837641103598e-06,8.991499281798083e-06,8.991499281798083e-06
F73,2.0,1.752433692290168e-05,13.0,8.532837641103598e-06,8.991499281798083e-06,8.991499281798083e-06
J61,2.0,1.752433692290168e-05,13.0,8.532837641103598e-06,8.991499281798083e-06,8.991499281798083e-06
H34,1.0,8.76216846145084e-06,0.0,0.0,8.76216846145084e-06,8.76216846145084e-06
D57,1.0,8.76216846145084e-06,0.0,0.0,8.76216846145084e-06,8.76216846145084e-06
G44,1.0,8.76216846145084e-06,0.0,0.0,8.76216846145084e-06,8.76216846145084e-06
Q82,1.0,8.76216846145084e-06,0.0,0.0,8.76216846145084e-06,8.76216846145084e-06
S54,1.0,8.76216846145084e-06,0.0,0.0,8.76216846145084e-06,8.76216846145084e-06
B67,1.0,8.76216846145084e-06,0.0,0.0,8.76216846145084e-06,8.76216846145084e-06
A43,1.0,8.76216846145084e-06,0.0,0.0,8.76216846145084e-06,8.76216846145084e-06
B46,1.0,8.76216846145084e-06,0.0,0.0,8.76216846145084e-06,8.76216846145084e-06
S60,1.0,8.76216846145084e-06,0.0,0.0,8.76216846145084e-06,8.76216846145084e-06
E84,5.0,4.38108423072542e-05,80.0,5.250977009909906e-05,-8.69892779184486e-06,8.69892779184486e-06
T79,17.0,0.00014895686384466429,240.0,0.0001575293102972972,-8.572446452632905e-06,8.572446452632905e-06
T63,3.0,2.628650538435252e-05,27.0,1.7722047408445934e-05,8.564457975906586e-06,8.564457975906586e-06
A87,0.0,0.0,13.0,8.532837641103598e-06,-8.532837641103598e-06,8.532837641103598e-06
D15,0.0,0.0,13.0,8.532837641103598e-06,-8.532837641103598e-06,8.532837641103598e-06
T85,0.0,0.0,13.0,8.532837641103598e-06,-8.532837641103598e-06,8.532837641103598e-06
D66,1.0,8.76216846145084e-06,1.0,6.563721262387383e-07,8.105796335212102e-06,8.105796335212102e-06
T97,1.0,8.76216846145084e-06,1.0,6.563721262387383e-07,8.105796335212102e-06,8.105796335212102e-06
F78,1.0,8.76216846145084e-06,1.0,6.563721262387383e-07,8.105796335212102e-06,8.105796335212102e-06
L95,1.0,8.76216846145084e-06,1.0,6.563721262387383e-07,8.105796335212102e-06,8.105796335212102e-06
O04,1.0,8.76216846145084e-06,1.0,6.563721262387383e-07,8.105796335212102e-06,8.105796335212102e-06
S64,1.0,8.76216846145084e-06,1.0,6.563721262387383e-07,8.105796335212102e-06,8.105796335212102e-06
Q78,1.0,8.76216846145084e-06,1.0,6.563721262387383e-07,8.105796335212102e-06,8.105796335212102e-06
N72,1.0,8.76216846145084e-06,1.0,6.563721262387383e-07,8.105796335212102e-06,8.105796335212102e-06
D20,1.0,8.76216846145084e-06,1.0,6.563721262387383e-07,8.105796335212102e-06,8.105796335212102e-06
Q99,1.0,8.76216846145084e-06,1.0,6.563721262387383e-07,8.105796335212102e-06,8.105796335212102e-06
A69,0.0,0.0,12.0,7.87646551486486e-06,-7.87646551486486e-06,7.87646551486486e-06
R50,0.0,0.0,12.0,7.87646551486486e-06,-7.87646551486486e-06,7.87646551486486e-06
Q03,2.0,1.752433692290168e-05,15.0,9.845581893581074e-06,7.678755029320607e-06,7.678755029320607e-06
E15,1.0,8.76216846145084e-06,25.0,1.6409303155968456e-05,-7.647134694517616e-06,7.647134694517616e-06
N73,1.0,8.76216846145084e-06,25.0,1.6409303155968456e-05,-7.647134694517616e-06,7.647134694517616e-06
C11,19.0,0.00016648120076756596,242.0,0.00015884205454977466,7.639146217791305e-06,7.639146217791305e-06
I87,7.0,6.133517923015588e-05,82.0,5.382251435157654e-05,7.5126648785793425e-06,7.5126648785793425e-06
O85,1.0,8.76216846145084e-06,2.0,1.3127442524774767e-06,7.449424208973364e-06,7.449424208973364e-06
Q76,1.0,8.76216846145084e-06,2.0,1.3127442524774767e-06,7.449424208973364e-06,7.449424208973364e-06
F60,1.0,8.76216846145084e-06,2.0,1.3127442524774767e-06,7.449424208973364e-06,7.449424208973364e-06
L30,1.0,8.76216846145084e-06,2.0,1.3127442524774767e-06,7.449424208973364e-06,7.449424208973364e-06
I00,1.0,8.76216846145084e-06,2.0,1.3127442524774767e-06,7.449424208973364e-06,7.449424208973364e-06
I83,81.0,0.000709735645377518,1070.0,0.00070231817507545,7.417470302068028e-06,7.417470302068028e-06
M50,0.0,0.0,11.0,7.2200933886261215e-06,-7.2200933886261215e-06,7.2200933886261215e-06
Q04,0.0,0.0,11.0,7.2200933886261215e-06,-7.2200933886261215e-06,7.2200933886261215e-06
A03,0.0,0.0,11.0,7.2200933886261215e-06,-7.2200933886261215e-06,7.2200933886261215e-06
O72,0.0,0.0,11.0,7.2200933886261215e-06,-7.2200933886261215e-06,7.2200933886261215e-06
B19,0.0,0.0,11.0,7.2200933886261215e-06,-7.2200933886261215e-06,7.2200933886261215e-06
S73,0.0,0.0,11.0,7.2200933886261215e-06,-7.2200933886261215e-06,7.2200933886261215e-06
C37,9.0,7.885951615305756e-05,131.0,8.598474853727472e-05,-7.125232384217159e-06,7.125232384217159e-06
G72,5.0,4.38108423072542e-05,56.0,3.675683906936934e-05,7.054003237884858e-06,7.054003237884858e-06
E12,4.0,3.504867384580336e-05,64.0,4.200781607927925e-05,-6.959142233475891e-06,6.959142233475891e-06
C47,7.0,6.133517923015588e-05,83.0,5.4478886477815276e-05,6.856292752340609e-06,6.856292752340609e-06
N23,1.0,8.76216846145084e-06,3.0,1.969116378716215e-06,6.793052082734626e-06,6.793052082734626e-06
N02,1.0,8.76216846145084e-06,3.0,1.969116378716215e-06,6.793052082734626e-06,6.793052082734626e-06
E71,1.0,8.76216846145084e-06,3.0,1.969116378716215e-06,6.793052082734626e-06,6.793052082734626e-06
N31,1.0,8.76216846145084e-06,3.0,1.969116378716215e-06,6.793052082734626e-06,6.793052082734626e-06
S69,1.0,8.76216846145084e-06,3.0,1.969116378716215e-06,6.793052082734626e-06,6.793052082734626e-06
G24,1.0,8.76216846145084e-06,3.0,1.969116378716215e-06,6.793052082734626e-06,6.793052082734626e-06
J01,1.0,8.76216846145084e-06,3.0,1.969116378716215e-06,6.793052082734626e-06,6.793052082734626e-06
T11,1.0,8.76216846145084e-06,3.0,1.969116378716215e-06,6.793052082734626e-06,6.793052082734626e-06
J30,1.0,8.76216846145084e-06,3.0,1.969116378716215e-06,6.793052082734626e-06,6.793052082734626e-06
T88,2.0,1.752433692290168e-05,37.0,2.4285768670833316e-05,-6.761431747931635e-06,6.761431747931635e-06
T70,0.0,0.0,10.0,6.563721262387383e-06,-6.563721262387383e-06,6.563721262387383e-06
A52,0.0,0.0,10.0,6.563721262387383e-06,-6.563721262387383e-06,6.563721262387383e-06
T25,0.0,0.0,10.0,6.563721262387383e-06,-6.563721262387383e-06,6.563721262387383e-06
S13,0.0,0.0,10.0,6.563721262387383e-06,-6.563721262387383e-06,6.563721262387383e-06
E46,0.0,0.0,10.0,6.563721262387383e-06,-6.563721262387383e-06,6.563721262387383e-06
D83,0.0,0.0,10.0,6.563721262387383e-06,-6.563721262387383e-06,6.563721262387383e-06
T08,0.0,0.0,10.0,6.563721262387383e-06,-6.563721262387383e-06,6.563721262387383e-06
B20,0.0,0.0,10.0,6.563721262387383e-06,-6.563721262387383e-06,6.563721262387383e-06
M35,5.0,4.38108423072542e-05,57.0,3.741321119560808e-05,6.397631111646118e-06,6.397631111646118e-06
M30,2.0,1.752433692290168e-05,17.0,1.115832614605855e-05,6.3660107768431305e-06,6.3660107768431305e-06
S39,2.0,1.752433692290168e-05,17.0,1.115832614605855e-05,6.3660107768431305e-06,6.3660107768431305e-06
T37,1.0,8.76216846145084e-06,4.0,2.6254885049549533e-06,6.136679956495887e-06,6.136679956495887e-06
B91,1.0,8.76216846145084e-06,4.0,2.6254885049549533e-06,6.136679956495887e-06,6.136679956495887e-06
F79,1.0,8.76216846145084e-06,4.0,2.6254885049549533e-06,6.136679956495887e-06,6.136679956495887e-06
E22,1.0,8.76216846145084e-06,4.0,2.6254885049549533e-06,6.136679956495887e-06,6.136679956495887e-06
S89,1.0,8.76216846145084e-06,4.0,2.6254885049549533e-06,6.136679956495887e-06,6.136679956495887e-06
T96,1.0,8.76216846145084e-06,4.0,2.6254885049549533e-06,6.136679956495887e-06,6.136679956495887e-06
B23,1.0,8.76216846145084e-06,4.0,2.6254885049549533e-06,6.136679956495887e-06,6.136679956495887e-06
A06,1.0,8.76216846145084e-06,4.0,2.6254885049549533e-06,6.136679956495887e-06,6.136679956495887e-06
O45,1.0,8.76216846145084e-06,4.0,2.6254885049549533e-06,6.136679956495887e-06,6.136679956495887e-06
A35,1.0,8.76216846145084e-06,4.0,2.6254885049549533e-06,6.136679956495887e-06,6.136679956495887e-06
R00,1.0,8.76216846145084e-06,4.0,2.6254885049549533e-06,6.136679956495887e-06,6.136679956495887e-06
N70,2.0,1.752433692290168e-05,36.0,2.362939654459458e-05,-6.105059621692898e-06,6.105059621692898e-06
C46,5.0,4.38108423072542e-05,76.0,4.988428159414411e-05,-6.073439286889912e-06,6.073439286889912e-06
T57,0.0,0.0,9.0,5.907349136148645e-06,-5.907349136148645e-06,5.907349136148645e-06
Q22,0.0,0.0,9.0,5.907349136148645e-06,-5.907349136148645e-06,5.907349136148645e-06
S77,0.0,0.0,9.0,5.907349136148645e-06,-5.907349136148645e-06,5.907349136148645e-06
K91,0.0,0.0,9.0,5.907349136148645e-06,-5.907349136148645e-06,5.907349136148645e-06
Q87,0.0,0.0,9.0,5.907349136148645e-06,-5.907349136148645e-06,5.907349136148645e-06
S38,0.0,0.0,9.0,5.907349136148645e-06,-5.907349136148645e-06,5.907349136148645e-06
D01,0.0,0.0,9.0,5.907349136148645e-06,-5.907349136148645e-06,5.907349136148645e-06
B18,15.0,0.0001314325269217626,209.0,0.0001371817743838963,-5.7492474621336994e-06,5.7492474621336994e-06
T48,2.0,1.752433692290168e-05,18.0,1.181469827229729e-05,5.709638650604392e-06,5.709638650604392e-06
M51,2.0,1.752433692290168e-05,18.0,1.181469827229729e-05,5.709638650604392e-06,5.709638650604392e-06
T73,2.0,1.752433692290168e-05,18.0,1.181469827229729e-05,5.709638650604392e-06,5.709638650604392e-06
T28,2.0,1.752433692290168e-05,18.0,1.181469827229729e-05,5.709638650604392e-06,5.709638650604392e-06
A26,2.0,1.752433692290168e-05,18.0,1.181469827229729e-05,5.709638650604392e-06,5.709638650604392e-06
S28,1.0,8.76216846145084e-06,22.0,1.4440186777252243e-05,-5.678018315801403e-06,5.678018315801403e-06
M87,1.0,8.76216846145084e-06,5.0,3.2818606311936913e-06,5.4803078302571496e-06,5.4803078302571496e-06
D80,1.0,8.76216846145084e-06,5.0,3.2818606311936913e-06,5.4803078302571496e-06,5.4803078302571496e-06
E02,1.0,8.76216846145084e-06,5.0,3.2818606311936913e-06,5.4803078302571496e-06,5.4803078302571496e-06
L94,1.0,8.76216846145084e-06,5.0,3.2818606311936913e-06,5.4803078302571496e-06,5.4803078302571496e-06
E34,1.0,8.76216846145084e-06,5.0,3.2818606311936913e-06,5.4803078302571496e-06,5.4803078302571496e-06
T47,1.0,8.76216846145084e-06,5.0,3.2818606311936913e-06,5.4803078302571496e-06,5.4803078302571496e-06
T95,1.0,8.76216846145084e-06,5.0,3.2818606311936913e-06,5.4803078302571496e-06,5.4803078302571496e-06
T55,1.0,8.76216846145084e-06,5.0,3.2818606311936913e-06,5.4803078302571496e-06,5.4803078302571496e-06
T00,1.0,8.76216846145084e-06,5.0,3.2818606311936913e-06,5.4803078302571496e-06,5.4803078302571496e-06
K58,1.0,8.76216846145084e-06,5.0,3.2818606311936913e-06,5.4803078302571496e-06,5.4803078302571496e-06
S31,2.0,1.752433692290168e-05,35.0,2.297302441835584e-05,-5.4486874954541605e-06,5.4486874954541605e-06
T83,0.0,0.0,8.0,5.250977009909907e-06,-5.250977009909907e-06,5.250977009909907e-06
E75,0.0,0.0,8.0,5.250977009909907e-06,-5.250977009909907e-06,5.250977009909907e-06
T22,0.0,0.0,8.0,5.250977009909907e-06,-5.250977009909907e-06,5.250977009909907e-06
J60,0.0,0.0,8.0,5.250977009909907e-06,-5.250977009909907e-06,5.250977009909907e-06
S43,0.0,0.0,8.0,5.250977009909907e-06,-5.250977009909907e-06,5.250977009909907e-06
D05,0.0,0.0,8.0,5.250977009909907e-06,-5.250977009909907e-06,5.250977009909907e-06
I01,3.0,2.628650538435252e-05,48.0,3.150586205945944e-05,-5.2193566751069184e-06,5.2193566751069184e-06
A31,2.0,1.752433692290168e-05,19.0,1.2471070398536028e-05,5.053266524365653e-06,5.053266524365653e-06
S75,1.0,8.76216846145084e-06,21.0,1.3783814651013504e-05,-5.021646189562664e-06,5.021646189562664e-06
G09,1.0,8.76216846145084e-06,21.0,1.3783814651013504e-05,-5.021646189562664e-06,5.021646189562664e-06
B90,1.0,8.76216846145084e-06,21.0,1.3783814651013504e-05,-5.021646189562664e-06,5.021646189562664e-06
G98,4.0,3.504867384580336e-05,46.0,3.019311780698196e-05,4.8555560388214014e-06,4.8555560388214014e-06
G64,1.0,8.76216846145084e-06,6.0,3.93823275743243e-06,4.823935704018411e-06,4.823935704018411e-06
D82,1.0,8.76216846145084e-06,6.0,3.93823275743243e-06,4.823935704018411e-06,4.823935704018411e-06
Q43,1.0,8.76216846145084e-06,6.0,3.93823275743243e-06,4.823935704018411e-06,4.823935704018411e-06
L93,1.0,8.76216846145084e-06,6.0,3.93823275743243e-06,4.823935704018411e-06,4.823935704018411e-06
B25,1.0,8.76216846145084e-06,6.0,3.93823275743243e-06,4.823935704018411e-06,4.823935704018411e-06
S78,1.0,8.76216846145084e-06,6.0,3.93823275743243e-06,4.823935704018411e-06,4.823935704018411e-06
C32,49.0,0.00042934625461109115,647.0,0.00042467276567646365,4.6734889346275e-06,4.6734889346275e-06
J38,0.0,0.0,7.0,4.594604883671168e-06,-4.594604883671168e-06,4.594604883671168e-06
J02,0.0,0.0,7.0,4.594604883671168e-06,-4.594604883671168e-06,4.594604883671168e-06
Q27,0.0,0.0,7.0,4.594604883671168e-06,-4.594604883671168e-06,4.594604883671168e-06
N76,0.0,0.0,7.0,4.594604883671168e-06,-4.594604883671168e-06,4.594604883671168e-06
N35,0.0,0.0,7.0,4.594604883671168e-06,-4.594604883671168e-06,4.594604883671168e-06
I02,0.0,0.0,7.0,4.594604883671168e-06,-4.594604883671168e-06,4.594604883671168e-06
A05,0.0,0.0,7.0,4.594604883671168e-06,-4.594604883671168e-06,4.594604883671168e-06
H70,0.0,0.0,7.0,4.594604883671168e-06,-4.594604883671168e-06,4.594604883671168e-06
D25,0.0,0.0,7.0,4.594604883671168e-06,-4.594604883671168e-06,4.594604883671168e-06
M60,0.0,0.0,7.0,4.594604883671168e-06,-4.594604883671168e-06,4.594604883671168e-06
M45,0.0,0.0,7.0,4.594604883671168e-06,-4.594604883671168e-06,4.594604883671168e-06
D36,0.0,0.0,7.0,4.594604883671168e-06,-4.594604883671168e-06,4.594604883671168e-06
L10,0.0,0.0,7.0,4.594604883671168e-06,-4.594604883671168e-06,4.594604883671168e-06
D56,0.0,0.0,7.0,4.594604883671168e-06,-4.594604883671168e-06,4.594604883671168e-06
I37,3.0,2.628650538435252e-05,47.0,3.08494899332207e-05,-4.562984548868178e-06,4.562984548868178e-06
N82,2.0,1.752433692290168e-05,20.0,1.3127442524774765e-05,4.396894398126916e-06,4.396894398126916e-06
S85,2.0,1.752433692290168e-05,20.0,1.3127442524774765e-05,4.396894398126916e-06,4.396894398126916e-06
T91,2.0,1.752433692290168e-05,20.0,1.3127442524774765e-05,4.396894398126916e-06,4.396894398126916e-06
S15,7.0,6.133517923015588e-05,100.0,6.563721262387383e-05,-4.30203339371794e-06,4.30203339371794e-06
I45,13.0,0.00011390818999886092,167.0,0.0001096141450818693,4.294044916991618e-06,4.294044916991618e-06
G36,4.0,3.504867384580336e-05,47.0,3.08494899332207e-05,4.199183912582664e-06,4.199183912582664e-06
G54,1.0,8.76216846145084e-06,7.0,4.594604883671168e-06,4.167563577779673e-06,4.167563577779673e-06
D34,1.0,8.76216846145084e-06,7.0,4.594604883671168e-06,4.167563577779673e-06,4.167563577779673e-06
L88,1.0,8.76216846145084e-06,7.0,4.594604883671168e-06,4.167563577779673e-06,4.167563577779673e-06
K42,17.0,0.00014895686384466429,233.0,0.00015293470541362603,-3.977841568961741e-06,3.977841568961741e-06
D09,0.0,0.0,6.0,3.93823275743243e-06,-3.93823275743243e-06,3.93823275743243e-06
Q62,0.0,0.0,6.0,3.93823275743243e-06,-3.93823275743243e-06,3.93823275743243e-06
E80,0.0,0.0,6.0,3.93823275743243e-06,-3.93823275743243e-06,3.93823275743243e-06
O71,0.0,0.0,6.0,3.93823275743243e-06,-3.93823275743243e-06,3.93823275743243e-06
Q02,0.0,0.0,6.0,3.93823275743243e-06,-3.93823275743243e-06,3.93823275743243e-06
J32,0.0,0.0,6.0,3.93823275743243e-06,-3.93823275743243e-06,3.93823275743243e-06
K37,0.0,0.0,6.0,3.93823275743243e-06,-3.93823275743243e-06,3.93823275743243e-06
S83,0.0,0.0,6.0,3.93823275743243e-06,-3.93823275743243e-06,3.93823275743243e-06
Q89,0.0,0.0,6.0,3.93823275743243e-06,-3.93823275743243e-06,3.93823275743243e-06
T20,0.0,0.0,6.0,3.93823275743243e-06,-3.93823275743243e-06,3.93823275743243e-06
L40,0.0,0.0,6.0,3.93823275743243e-06,-3.93823275743243e-06,3.93823275743243e-06
D58,0.0,0.0,6.0,3.93823275743243e-06,-3.93823275743243e-06,3.93823275743243e-06
S87,0.0,0.0,6.0,3.93823275743243e-06,-3.93823275743243e-06,3.93823275743243e-06
Q07,0.0,0.0,6.0,3.93823275743243e-06,-3.93823275743243e-06,3.93823275743243e-06
M79,0.0,0.0,6.0,3.93823275743243e-06,-3.93823275743243e-06,3.93823275743243e-06
B59,0.0,0.0,6.0,3.93823275743243e-06,-3.93823275743243e-06,3.93823275743243e-06
J04,3.0,2.628650538435252e-05,46.0,3.019311780698196e-05,-3.906612422629441e-06,3.906612422629441e-06
N00,3.0,2.628650538435252e-05,46.0,3.019311780698196e-05,-3.906612422629441e-06,3.906612422629441e-06
N01,1.0,8.76216846145084e-06,19.0,1.2471070398536028e-05,-3.7089019370851877e-06,3.7089019370851877e-06
J64,1.0,8.76216846145084e-06,19.0,1.2471070398536028e-05,-3.7089019370851877e-06,3.7089019370851877e-06
A39,4.0,3.504867384580336e-05,48.0,3.150586205945944e-05,3.5428117863439237e-06,3.5428117863439237e-06
D60,1.0,8.76216846145084e-06,8.0,5.250977009909907e-06,3.511191451540934e-06,3.511191451540934e-06
S88,1.0,8.76216846145084e-06,8.0,5.250977009909907e-06,3.511191451540934e-06,3.511191451540934e-06
S45,1.0,8.76216846145084e-06,8.0,5.250977009909907e-06,3.511191451540934e-06,3.511191451540934e-06
B26,1.0,8.76216846145084e-06,8.0,5.250977009909907e-06,3.511191451540934e-06,3.511191451540934e-06
M72,1.0,8.76216846145084e-06,8.0,5.250977009909907e-06,3.511191451540934e-06,3.511191451540934e-06
N71,2.0,1.752433692290168e-05,32.0,2.1003908039639627e-05,-3.4795711167379456e-06,3.4795711167379456e-06
D65,8.0,7.009734769160672e-05,112.0,7.351367813873868e-05,-3.4163304471319608e-06,3.4163304471319608e-06
C12,3.0,2.628650538435252e-05,35.0,2.297302441835584e-05,3.3134809659966783e-06,3.3134809659966783e-06
E23,3.0,2.628650538435252e-05,35.0,2.297302441835584e-05,3.3134809659966783e-06,3.3134809659966783e-06
T30,3.0,2.628650538435252e-05,35.0,2.297302441835584e-05,3.3134809659966783e-06,3.3134809659966783e-06
T60,0.0,0.0,5.0,3.2818606311936913e-06,-3.2818606311936913e-06,3.2818606311936913e-06
S34,0.0,0.0,5.0,3.2818606311936913e-06,-3.2818606311936913e-06,3.2818606311936913e-06
T35,0.0,0.0,5.0,3.2818606311936913e-06,-3.2818606311936913e-06,3.2818606311936913e-06
T92,0.0,0.0,5.0,3.2818606311936913e-06,-3.2818606311936913e-06,3.2818606311936913e-06
D30,0.0,0.0,5.0,3.2818606311936913e-06,-3.2818606311936913e-06,3.2818606311936913e-06
S10,0.0,0.0,5.0,3.2818606311936913e-06,-3.2818606311936913e-06,3.2818606311936913e-06
D03,0.0,0.0,5.0,3.2818606311936913e-06,-3.2818606311936913e-06,3.2818606311936913e-06
A01,0.0,0.0,5.0,3.2818606311936913e-06,-3.2818606311936913e-06,3.2818606311936913e-06
J65,0.0,0.0,5.0,3.2818606311936913e-06,-3.2818606311936913e-06,3.2818606311936913e-06
I84,0.0,0.0,5.0,3.2818606311936913e-06,-3.2818606311936913e-06,3.2818606311936913e-06
E63,0.0,0.0,5.0,3.2818606311936913e-06,-3.2818606311936913e-06,3.2818606311936913e-06
E76,0.0,0.0,5.0,3.2818606311936913e-06,-3.2818606311936913e-06,3.2818606311936913e-06
J05,0.0,0.0,5.0,3.2818606311936913e-06,-3.2818606311936913e-06,3.2818606311936913e-06
O00,0.0,0.0,5.0,3.2818606311936913e-06,-3.2818606311936913e-06,3.2818606311936913e-06
D61,12.0,0.00010514602153741008,165.0,0.00010830140082939182,-3.15537929198174e-06,3.15537929198174e-06
J63,1.0,8.76216846145084e-06,18.0,1.181469827229729e-05,-3.052529810846449e-06,3.052529810846449e-06
F33,1.0,8.76216846145084e-06,9.0,5.907349136148645e-06,2.854819325302196e-06,2.854819325302196e-06
E68,1.0,8.76216846145084e-06,9.0,5.907349136148645e-06,2.854819325302196e-06,2.854819325302196e-06
F17,1.0,8.76216846145084e-06,9.0,5.907349136148645e-06,2.854819325302196e-06,2.854819325302196e-06
M47,1.0,8.76216846145084e-06,9.0,5.907349136148645e-06,2.854819325302196e-06,2.854819325302196e-06
F19,1.0,8.76216846145084e-06,9.0,5.907349136148645e-06,2.854819325302196e-06,2.854819325302196e-06
D18,1.0,8.76216846145084e-06,9.0,5.907349136148645e-06,2.854819325302196e-06,2.854819325302196e-06
A42,1.0,8.76216846145084e-06,9.0,5.907349136148645e-06,2.854819325302196e-06,2.854819325302196e-06
R63,1.0,8.76216846145084e-06,9.0,5.907349136148645e-06,2.854819325302196e-06,2.854819325302196e-06
N21,1.0,8.76216846145084e-06,9.0,5.907349136148645e-06,2.854819325302196e-06,2.854819325302196e-06
J62,3.0,2.628650538435252e-05,36.0,2.362939654459458e-05,2.657108839757941e-06,2.657108839757941e-06
M71,0.0,0.0,4.0,2.6254885049549533e-06,-2.6254885049549533e-06,2.6254885049549533e-06
M40,0.0,0.0,4.0,2.6254885049549533e-06,-2.6254885049549533e-06,2.6254885049549533e-06
M19,0.0,0.0,4.0,2.6254885049549533e-06,-2.6254885049549533e-06,2.6254885049549533e-06
M13,0.0,0.0,4.0,2.6254885049549533e-06,-2.6254885049549533e-06,2.6254885049549533e-06
S41,0.0,0.0,4.0,2.6254885049549533e-06,-2.6254885049549533e-06,2.6254885049549533e-06
O14,0.0,0.0,4.0,2.6254885049549533e-06,-2.6254885049549533e-06,2.6254885049549533e-06
T74,0.0,0.0,4.0,2.6254885049549533e-06,-2.6254885049549533e-06,2.6254885049549533e-06
A89,0.0,0.0,4.0,2.6254885049549533e-06,-2.6254885049549533e-06,2.6254885049549533e-06
D28,0.0,0.0,4.0,2.6254885049549533e-06,-2.6254885049549533e-06,2.6254885049549533e-06
D11,0.0,0.0,4.0,2.6254885049549533e-06,-2.6254885049549533e-06,2.6254885049549533e-06
N83,0.0,0.0,4.0,2.6254885049549533e-06,-2.6254885049549533e-06,2.6254885049549533e-06
D55,0.0,0.0,4.0,2.6254885049549533e-06,-2.6254885049549533e-06,2.6254885049549533e-06
E51,0.0,0.0,4.0,2.6254885049549533e-06,-2.6254885049549533e-06,2.6254885049549533e-06
Q33,0.0,0.0,4.0,2.6254885049549533e-06,-2.6254885049549533e-06,2.6254885049549533e-06
H66,0.0,0.0,4.0,2.6254885049549533e-06,-2.6254885049549533e-06,2.6254885049549533e-06
S62,0.0,0.0,4.0,2.6254885049549533e-06,-2.6254885049549533e-06,2.6254885049549533e-06
Q67,0.0,0.0,4.0,2.6254885049549533e-06,-2.6254885049549533e-06,2.6254885049549533e-06
O90,0.0,0.0,4.0,2.6254885049549533e-06,-2.6254885049549533e-06,2.6254885049549533e-06
E40,0.0,0.0,4.0,2.6254885049549533e-06,-2.6254885049549533e-06,2.6254885049549533e-06
B33,0.0,0.0,4.0,2.6254885049549533e-06,-2.6254885049549533e-06,2.6254885049549533e-06
E24,2.0,1.752433692290168e-05,23.0,1.509655890349098e-05,2.4277780194107007e-06,2.4277780194107007e-06
G83,1.0,8.76216846145084e-06,17.0,1.115832614605855e-05,-2.39615768460771e-06,2.39615768460771e-06
T13,1.0,8.76216846145084e-06,17.0,1.115832614605855e-05,-2.39615768460771e-06,2.39615768460771e-06
S71,1.0,8.76216846145084e-06,17.0,1.115832614605855e-05,-2.39615768460771e-06,2.39615768460771e-06
K60,1.0,8.76216846145084e-06,10.0,6.563721262387383e-06,2.198447199063458e-06,2.198447199063458e-06
K12,1.0,8.76216846145084e-06,10.0,6.563721262387383e-06,2.198447199063458e-06,2.198447199063458e-06
E25,1.0,8.76216846145084e-06,10.0,6.563721262387383e-06,2.198447199063458e-06,2.198447199063458e-06
T80,1.0,8.76216846145084e-06,10.0,6.563721262387383e-06,2.198447199063458e-06,2.198447199063458e-06
A86,1.0,8.76216846145084e-06,10.0,6.563721262387383e-06,2.198447199063458e-06,2.198447199063458e-06
T34,1.0,8.76216846145084e-06,10.0,6.563721262387383e-06,2.198447199063458e-06,2.198447199063458e-06
A80,0.0,0.0,3.0,1.969116378716215e-06,-1.969116378716215e-06,1.969116378716215e-06
S98,0.0,0.0,3.0,1.969116378716215e-06,-1.969116378716215e-06,1.969116378716215e-06
E74,0.0,0.0,3.0,1.969116378716215e-06,-1.969116378716215e-06,1.969116378716215e-06
T53,0.0,0.0,3.0,1.969116378716215e-06,-1.969116378716215e-06,1.969116378716215e-06
F04,0.0,0.0,3.0,1.969116378716215e-06,-1.969116378716215e-06,1.969116378716215e-06
N36,0.0,0.0,3.0,1.969116378716215e-06,-1.969116378716215e-06,1.969116378716215e-06
N07,0.0,0.0,3.0,1.969116378716215e-06,-1.969116378716215e-06,1.969116378716215e-06
S33,0.0,0.0,3.0,1.969116378716215e-06,-1.969116378716215e-06,1.969116378716215e-06
T49,0.0,0.0,3.0,1.969116378716215e-06,-1.969116378716215e-06,1.969116378716215e-06
M43,0.0,0.0,3.0,1.969116378716215e-06,-1.969116378716215e-06,1.969116378716215e-06
S97,0.0,0.0,3.0,1.969116378716215e-06,-1.969116378716215e-06,1.969116378716215e-06
K64,0.0,0.0,3.0,1.969116378716215e-06,-1.969116378716215e-06,1.969116378716215e-06
S59,0.0,0.0,3.0,1.969116378716215e-06,-1.969116378716215e-06,1.969116378716215e-06
J66,0.0,0.0,3.0,1.969116378716215e-06,-1.969116378716215e-06,1.969116378716215e-06
S74,0.0,0.0,3.0,1.969116378716215e-06,-1.969116378716215e-06,1.969116378716215e-06
D10,0.0,0.0,3.0,1.969116378716215e-06,-1.969116378716215e-06,1.969116378716215e-06
E32,0.0,0.0,3.0,1.969116378716215e-06,-1.969116378716215e-06,1.969116378716215e-06
D26,0.0,0.0,3.0,1.969116378716215e-06,-1.969116378716215e-06,1.969116378716215e-06
L26,0.0,0.0,3.0,1.969116378716215e-06,-1.969116378716215e-06,1.969116378716215e-06
Q05,0.0,0.0,3.0,1.969116378716215e-06,-1.969116378716215e-06,1.969116378716215e-06
N80,0.0,0.0,3.0,1.969116378716215e-06,-1.969116378716215e-06,1.969116378716215e-06
A17,0.0,0.0,3.0,1.969116378716215e-06,-1.969116378716215e-06,1.969116378716215e-06
O15,0.0,0.0,3.0,1.969116378716215e-06,-1.969116378716215e-06,1.969116378716215e-06
N93,0.0,0.0,3.0,1.969116378716215e-06,-1.969116378716215e-06,1.969116378716215e-06
I88,0.0,0.0,3.0,1.969116378716215e-06,-1.969116378716215e-06,1.969116378716215e-06
A07,0.0,0.0,3.0,1.969116378716215e-06,-1.969116378716215e-06,1.969116378716215e-06
Q81,0.0,0.0,3.0,1.969116378716215e-06,-1.969116378716215e-06,1.969116378716215e-06
G52,0.0,0.0,3.0,1.969116378716215e-06,-1.969116378716215e-06,1.969116378716215e-06
B24,0.0,0.0,3.0,1.969116378716215e-06,-1.969116378716215e-06,1.969116378716215e-06
T64,0.0,0.0,3.0,1.969116378716215e-06,-1.969116378716215e-06,1.969116378716215e-06
G08,0.0,0.0,3.0,1.969116378716215e-06,-1.969116378716215e-06,1.969116378716215e-06
O03,0.0,0.0,3.0,1.969116378716215e-06,-1.969116378716215e-06,1.969116378716215e-06
G57,0.0,0.0,3.0,1.969116378716215e-06,-1.969116378716215e-06,1.969116378716215e-06
Q40,0.0,0.0,3.0,1.969116378716215e-06,-1.969116378716215e-06,1.969116378716215e-06
Q96,0.0,0.0,3.0,1.969116378716215e-06,-1.969116378716215e-06,1.969116378716215e-06
R69,0.0,0.0,3.0,1.969116378716215e-06,-1.969116378716215e-06,1.969116378716215e-06
O87,0.0,0.0,3.0,1.969116378716215e-06,-1.969116378716215e-06,1.969116378716215e-06
A32,1.0,8.76216846145084e-06,16.0,1.0501954019819813e-05,-1.7397855583689728e-06,1.7397855583689728e-06
T21,1.0,8.76216846145084e-06,16.0,1.0501954019819813e-05,-1.7397855583689728e-06,1.7397855583689728e-06
E42,1.0,8.76216846145084e-06,16.0,1.0501954019819813e-05,-1.7397855583689728e-06,1.7397855583689728e-06
O88,1.0,8.76216846145084e-06,11.0,7.2200933886261215e-06,1.542075072824719e-06,1.542075072824719e-06
T41,1.0,8.76216846145084e-06,11.0,7.2200933886261215e-06,1.542075072824719e-06,1.542075072824719e-06
S08,1.0,8.76216846145084e-06,11.0,7.2200933886261215e-06,1.542075072824719e-06,1.542075072824719e-06
O22,0.0,0.0,2.0,1.3127442524774767e-06,-1.3127442524774767e-06,1.3127442524774767e-06
O44,0.0,0.0,2.0,1.3127442524774767e-06,-1.3127442524774767e-06,1.3127442524774767e-06
E31,0.0,0.0,2.0,1.3127442524774767e-06,-1.3127442524774767e-06,1.3127442524774767e-06
B21,0.0,0.0,2.0,1.3127442524774767e-06,-1.3127442524774767e-06,1.3127442524774767e-06
Q74,0.0,0.0,2.0,1.3127442524774767e-06,-1.3127442524774767e-06,1.3127442524774767e-06
L13,0.0,0.0,2.0,1.3127442524774767e-06,-1.3127442524774767e-06,1.3127442524774767e-06
H54,0.0,0.0,2.0,1.3127442524774767e-06,-1.3127442524774767e-06,1.3127442524774767e-06
B58,0.0,0.0,2.0,1.3127442524774767e-06,-1.3127442524774767e-06,1.3127442524774767e-06
H44,0.0,0.0,2.0,1.3127442524774767e-06,-1.3127442524774767e-06,1.3127442524774767e-06
D21,0.0,0.0,2.0,1.3127442524774767e-06,-1.3127442524774767e-06,1.3127442524774767e-06
B50,0.0,0.0,2.0,1.3127442524774767e-06,-1.3127442524774767e-06,1.3127442524774767e-06
A24,0.0,0.0,2.0,1.3127442524774767e-06,-1.3127442524774767e-06,1.3127442524774767e-06
L04,0.0,0.0,2.0,1.3127442524774767e-06,-1.3127442524774767e-06,1.3127442524774767e-06
J92,0.0,0.0,2.0,1.3127442524774767e-06,-1.3127442524774767e-06,1.3127442524774767e-06
D71,0.0,0.0,2.0,1.3127442524774767e-06,-1.3127442524774767e-06,1.3127442524774767e-06
S47,0.0,0.0,2.0,1.3127442524774767e-06,-1.3127442524774767e-06,1.3127442524774767e-06
K04,0.0,0.0,2.0,1.3127442524774767e-06,-1.3127442524774767e-06,1.3127442524774767e-06
A74,0.0,0.0,2.0,1.3127442524774767e-06,-1.3127442524774767e-06,1.3127442524774767e-06
O74,0.0,0.0,2.0,1.3127442524774767e-06,-1.3127442524774767e-06,1.3127442524774767e-06
B45,0.0,0.0,2.0,1.3127442524774767e-06,-1.3127442524774767e-06,1.3127442524774767e-06
Q41,0.0,0.0,2.0,1.3127442524774767e-06,-1.3127442524774767e-06,1.3127442524774767e-06
S95,0.0,0.0,2.0,1.3127442524774767e-06,-1.3127442524774767e-06,1.3127442524774767e-06
Q31,0.0,0.0,2.0,1.3127442524774767e-06,-1.3127442524774767e-06,1.3127442524774767e-06
B27,0.0,0.0,2.0,1.3127442524774767e-06,-1.3127442524774767e-06,1.3127442524774767e-06
T56,0.0,0.0,2.0,1.3127442524774767e-06,-1.3127442524774767e-06,1.3127442524774767e-06
Q06,0.0,0.0,2.0,1.3127442524774767e-06,-1.3127442524774767e-06,1.3127442524774767e-06
R65,0.0,0.0,2.0,1.3127442524774767e-06,-1.3127442524774767e-06,1.3127442524774767e-06
R56,0.0,0.0,2.0,1.3127442524774767e-06,-1.3127442524774767e-06,1.3127442524774767e-06
D07,0.0,0.0,2.0,1.3127442524774767e-06,-1.3127442524774767e-06,1.3127442524774767e-06
M84,0.0,0.0,2.0,1.3127442524774767e-06,-1.3127442524774767e-06,1.3127442524774767e-06
A88,0.0,0.0,2.0,1.3127442524774767e-06,-1.3127442524774767e-06,1.3127442524774767e-06
S23,0.0,0.0,2.0,1.3127442524774767e-06,-1.3127442524774767e-06,1.3127442524774767e-06
N06,0.0,0.0,2.0,1.3127442524774767e-06,-1.3127442524774767e-06,1.3127442524774767e-06
R53,0.0,0.0,2.0,1.3127442524774767e-06,-1.3127442524774767e-06,1.3127442524774767e-06
E77,0.0,0.0,2.0,1.3127442524774767e-06,-1.3127442524774767e-06,1.3127442524774767e-06
M70,0.0,0.0,2.0,1.3127442524774767e-06,-1.3127442524774767e-06,1.3127442524774767e-06
R40,0.0,0.0,2.0,1.3127442524774767e-06,-1.3127442524774767e-06,1.3127442524774767e-06
A50,0.0,0.0,2.0,1.3127442524774767e-06,-1.3127442524774767e-06,1.3127442524774767e-06
A44,0.0,0.0,2.0,1.3127442524774767e-06,-1.3127442524774767e-06,1.3127442524774767e-06
T66,0.0,0.0,2.0,1.3127442524774767e-06,-1.3127442524774767e-06,1.3127442524774767e-06
M88,0.0,0.0,2.0,1.3127442524774767e-06,-1.3127442524774767e-06,1.3127442524774767e-06
R18,0.0,0.0,2.0,1.3127442524774767e-06,-1.3127442524774767e-06,1.3127442524774767e-06
D00,0.0,0.0,2.0,1.3127442524774767e-06,-1.3127442524774767e-06,1.3127442524774767e-06
E00,0.0,0.0,2.0,1.3127442524774767e-06,-1.3127442524774767e-06,1.3127442524774767e-06
D31,0.0,0.0,2.0,1.3127442524774767e-06,-1.3127442524774767e-06,1.3127442524774767e-06
J37,0.0,0.0,2.0,1.3127442524774767e-06,-1.3127442524774767e-06,1.3127442524774767e-06
S05,0.0,0.0,2.0,1.3127442524774767e-06,-1.3127442524774767e-06,1.3127442524774767e-06
N81,0.0,0.0,2.0,1.3127442524774767e-06,-1.3127442524774767e-06,1.3127442524774767e-06
M24,0.0,0.0,2.0,1.3127442524774767e-06,-1.3127442524774767e-06,1.3127442524774767e-06
O06,0.0,0.0,2.0,1.3127442524774767e-06,-1.3127442524774767e-06,1.3127442524774767e-06
D06,0.0,0.0,2.0,1.3127442524774767e-06,-1.3127442524774767e-06,1.3127442524774767e-06
E20,0.0,0.0,2.0,1.3127442524774767e-06,-1.3127442524774767e-06,1.3127442524774767e-06
T05,1.0,8.76216846145084e-06,15.0,9.845581893581074e-06,-1.083413432130234e-06,1.083413432130234e-06
T12,1.0,8.76216846145084e-06,15.0,9.845581893581074e-06,-1.083413432130234e-06,1.083413432130234e-06
J68,1.0,8.76216846145084e-06,15.0,9.845581893581074e-06,-1.083413432130234e-06,1.083413432130234e-06
T87,1.0,8.76216846145084e-06,15.0,9.845581893581074e-06,-1.083413432130234e-06,1.083413432130234e-06
C58,1.0,8.76216846145084e-06,15.0,9.845581893581074e-06,-1.083413432130234e-06,1.083413432130234e-06
B43,0.0,0.0,1.0,6.563721262387383e-07,-6.563721262387383e-07,6.563721262387383e-07
A99,0.0,0.0,1.0,6.563721262387383e-07,-6.563721262387383e-07,6.563721262387383e-07
E79,0.0,0.0,1.0,6.563721262387383e-07,-6.563721262387383e-07,6.563721262387383e-07
J34,0.0,0.0,1.0,6.563721262387383e-07,-6.563721262387383e-07,6.563721262387383e-07
I97,0.0,0.0,1.0,6.563721262387383e-07,-6.563721262387383e-07,6.563721262387383e-07
B15,0.0,0.0,1.0,6.563721262387383e-07,-6.563721262387383e-07,6.563721262387383e-07
F90,0.0,0.0,1.0,6.563721262387383e-07,-6.563721262387383e-07,6.563721262387383e-07
I99,0.0,0.0,1.0,6.563721262387383e-07,-6.563721262387383e-07,6.563721262387383e-07
G47,0.0,0.0,1.0,6.563721262387383e-07,-6.563721262387383e-07,6.563721262387383e-07
J00,0.0,0.0,1.0,6.563721262387383e-07,-6.563721262387383e-07,6.563721262387383e-07
A96,0.0,0.0,1.0,6.563721262387383e-07,-6.563721262387383e-07,6.563721262387383e-07
D02,0.0,0.0,1.0,6.563721262387383e-07,-6.563721262387383e-07,6.563721262387383e-07
G56,0.0,0.0,1.0,6.563721262387383e-07,-6.563721262387383e-07,6.563721262387383e-07
T23,0.0,0.0,1.0,6.563721262387383e-07,-6.563721262387383e-07,6.563721262387383e-07
B48,0.0,0.0,1.0,6.563721262387383e-07,-6.563721262387383e-07,6.563721262387383e-07
J95,0.0,0.0,1.0,6.563721262387383e-07,-6.563721262387383e-07,6.563721262387383e-07
T61,0.0,0.0,1.0,6.563721262387383e-07,-6.563721262387383e-07,6.563721262387383e-07
A83,0.0,0.0,1.0,6.563721262387383e-07,-6.563721262387383e-07,6.563721262387383e-07
F12,0.0,0.0,1.0,6.563721262387383e-07,-6.563721262387383e-07,6.563721262387383e-07
K14,0.0,0.0,1.0,6.563721262387383e-07,-6.563721262387383e-07,6.563721262387383e-07
K10,0.0,0.0,1.0,6.563721262387383e-07,-6.563721262387383e-07,6.563721262387383e-07
S57,0.0,0.0,1.0,6.563721262387383e-07,-6.563721262387383e-07,6.563721262387383e-07
D17,0.0,0.0,1.0,6.563721262387383e-07,-6.563721262387383e-07,6.563721262387383e-07
O62,0.0,0.0,1.0,6.563721262387383e-07,-6.563721262387383e-07,6.563721262387383e-07
Q80,0.0,0.0,1.0,6.563721262387383e-07,-6.563721262387383e-07,6.563721262387383e-07
O46,0.0,0.0,1.0,6.563721262387383e-07,-6.563721262387383e-07,6.563721262387383e-07
D67,0.0,0.0,1.0,6.563721262387383e-07,-6.563721262387383e-07,6.563721262387383e-07
Q93,0.0,0.0,1.0,6.563721262387383e-07,-6.563721262387383e-07,6.563721262387383e-07
Q95,0.0,0.0,1.0,6.563721262387383e-07,-6.563721262387383e-07,6.563721262387383e-07
O08,0.0,0.0,1.0,6.563721262387383e-07,-6.563721262387383e-07,6.563721262387383e-07
O07,0.0,0.0,1.0,6.563721262387383e-07,-6.563721262387383e-07,6.563721262387383e-07
R06,0.0,0.0,1.0,6.563721262387383e-07,-6.563721262387383e-07,6.563721262387383e-07
A37,0.0,0.0,1.0,6.563721262387383e-07,-6.563721262387383e-07,6.563721262387383e-07
R10,0.0,0.0,1.0,6.563721262387383e-07,-6.563721262387383e-07,6.563721262387383e-07
R19,0.0,0.0,1.0,6.563721262387383e-07,-6.563721262387383e-07,6.563721262387383e-07
O05,0.0,0.0,1.0,6.563721262387383e-07,-6.563721262387383e-07,6.563721262387383e-07
R29,0.0,0.0,1.0,6.563721262387383e-07,-6.563721262387383e-07,6.563721262387383e-07
R31,0.0,0.0,1.0,6.563721262387383e-07,-6.563721262387383e-07,6.563721262387383e-07
R39,0.0,0.0,1.0,6.563721262387383e-07,-6.563721262387383e-07,6.563721262387383e-07
Q79,0.0,0.0,1.0,6.563721262387383e-07,-6.563721262387383e-07,6.563721262387383e-07
O68,0.0,0.0,1.0,6.563721262387383e-07,-6.563721262387383e-07,6.563721262387383e-07
A79,0.0,0.0,1.0,6.563721262387383e-07,-6.563721262387383e-07,6.563721262387383e-07
Q75,0.0,0.0,1.0,6.563721262387383e-07,-6.563721262387383e-07,6.563721262387383e-07
O96,0.0,0.0,1.0,6.563721262387383e-07,-6.563721262387383e-07,6.563721262387383e-07
O95,0.0,0.0,1.0,6.563721262387383e-07,-6.563721262387383e-07,6.563721262387383e-07
Q26,0.0,0.0,1.0,6.563721262387383e-07,-6.563721262387383e-07,6.563721262387383e-07
O86,0.0,0.0,1.0,6.563721262387383e-07,-6.563721262387383e-07,6.563721262387383e-07
Q34,0.0,0.0,1.0,6.563721262387383e-07,-6.563721262387383e-07,6.563721262387383e-07
Q37,0.0,0.0,1.0,6.563721262387383e-07,-6.563721262387383e-07,6.563721262387383e-07
Q39,0.0,0.0,1.0,6.563721262387383e-07,-6.563721262387383e-07,6.563721262387383e-07
Q42,0.0,0.0,1.0,6.563721262387383e-07,-6.563721262387383e-07,6.563721262387383e-07
O82,0.0,0.0,1.0,6.563721262387383e-07,-6.563721262387383e-07,6.563721262387383e-07
Q45,0.0,0.0,1.0,6.563721262387383e-07,-6.563721262387383e-07,6.563721262387383e-07
O70,0.0,0.0,1.0,6.563721262387383e-07,-6.563721262387383e-07,6.563721262387383e-07
O69,0.0,0.0,1.0,6.563721262387383e-07,-6.563721262387383e-07,6.563721262387383e-07
Q63,0.0,0.0,1.0,6.563721262387383e-07,-6.563721262387383e-07,6.563721262387383e-07
Q64,0.0,0.0,1.0,6.563721262387383e-07,-6.563721262387383e-07,6.563721262387383e-07
Q65,0.0,0.0,1.0,6.563721262387383e-07,-6.563721262387383e-07,6.563721262387383e-07
O02,0.0,0.0,1.0,6.563721262387383e-07,-6.563721262387383e-07,6.563721262387383e-07
R59,0.0,0.0,1.0,6.563721262387383e-07,-6.563721262387383e-07,6.563721262387383e-07
N87,0.0,0.0,1.0,6.563721262387383e-07,-6.563721262387383e-07,6.563721262387383e-07
A57,0.0,0.0,1.0,6.563721262387383e-07,-6.563721262387383e-07,6.563721262387383e-07
L72,0.0,0.0,1.0,6.563721262387383e-07,-6.563721262387383e-07,6.563721262387383e-07
L63,0.0,0.0,1.0,6.563721262387383e-07,-6.563721262387383e-07,6.563721262387383e-07
S58,0.0,0.0,1.0,6.563721262387383e-07,-6.563721262387383e-07,6.563721262387383e-07
L55,0.0,0.0,1.0,6.563721262387383e-07,-6.563721262387383e-07,6.563721262387383e-07
A55,0.0,0.0,1.0,6.563721262387383e-07,-6.563721262387383e-07,6.563721262387383e-07
L01,0.0,0.0,1.0,6.563721262387383e-07,-6.563721262387383e-07,6.563721262387383e-07
D24,0.0,0.0,1.0,6.563721262387383e-07,-6.563721262387383e-07,6.563721262387383e-07
S50,0.0,0.0,1.0,6.563721262387383e-07,-6.563721262387383e-07,6.563721262387383e-07
D22,0.0,0.0,1.0,6.563721262387383e-07,-6.563721262387383e-07,6.563721262387383e-07
A63,0.0,0.0,1.0,6.563721262387383e-07,-6.563721262387383e-07,6.563721262387383e-07
A65,0.0,0.0,1.0,6.563721262387383e-07,-6.563721262387383e-07,6.563721262387383e-07
A70,0.0,0.0,1.0,6.563721262387383e-07,-6.563721262387383e-07,6.563721262387383e-07
S99,0.0,0.0,1.0,6.563721262387383e-07,-6.563721262387383e-07,6.563721262387383e-07
A23,0.0,0.0,1.0,6.563721262387383e-07,-6.563721262387383e-07,6.563721262387383e-07
R94,0.0,0.0,1.0,6.563721262387383e-07,-6.563721262387383e-07,6.563721262387383e-07
L85,0.0,0.0,1.0,6.563721262387383e-07,-6.563721262387383e-07,6.563721262387383e-07
S49,0.0,0.0,1.0,6.563721262387383e-07,-6.563721262387383e-07,6.563721262387383e-07
S48,0.0,0.0,1.0,6.563721262387383e-07,-6.563721262387383e-07,6.563721262387383e-07
A33,0.0,0.0,1.0,6.563721262387383e-07,-6.563721262387383e-07,6.563721262387383e-07
N85,0.0,0.0,1.0,6.563721262387383e-07,-6.563721262387383e-07,6.563721262387383e-07
N61,0.0,0.0,1.0,6.563721262387383e-07,-6.563721262387383e-07,6.563721262387383e-07
S16,0.0,0.0,1.0,6.563721262387383e-07,-6.563721262387383e-07,6.563721262387383e-07
S17,0.0,0.0,1.0,6.563721262387383e-07,-6.563721262387383e-07,6.563721262387383e-07
M99,0.0,0.0,1.0,6.563721262387383e-07,-6.563721262387383e-07,6.563721262387383e-07
M75,0.0,0.0,1.0,6.563721262387383e-07,-6.563721262387383e-07,6.563721262387383e-07
M62,0.0,0.0,1.0,6.563721262387383e-07,-6.563721262387383e-07,6.563721262387383e-07
M53,0.0,0.0,1.0,6.563721262387383e-07,-6.563721262387383e-07,6.563721262387383e-07
M25,0.0,0.0,1.0,6.563721262387383e-07,-6.563721262387383e-07,6.563721262387383e-07
A51,0.0,0.0,1.0,6.563721262387383e-07,-6.563721262387383e-07,6.563721262387383e-07
A54,0.0,0.0,1.0,6.563721262387383e-07,-6.563721262387383e-07,6.563721262387383e-07
N84,0.0,0.0,1.0,6.563721262387383e-07,-6.563721262387383e-07,6.563721262387383e-07
E27,3.0,2.628650538435252e-05,41.0,2.691125717578827e-05,-6.247517914357515e-07,6.247517914357515e-07
M41,1.0,8.76216846145084e-06,14.0,9.189209767342336e-06,-4.270413058914951e-07,4.270413058914951e-07
J82,1.0,8.76216846145084e-06,14.0,9.189209767342336e-06,-4.270413058914951e-07,4.270413058914951e-07
T36,1.0,8.76216846145084e-06,13.0,8.532837641103598e-06,2.2933082034724207e-07,2.2933082034724207e-07
I60,287.0,0.0025147423484363912,3831.0,0.0025145616156206064,1.8073281578484882e-07,1.8073281578484882e-07
