icd,pre_pct,post_pct,diff
U07,0.0,0.08011087669491544,0.08011087669491544
I50,0.04006714618107367,0.059641883975837195,0.019574737794763528
E11,0.027338166820527386,0.041560138388667456,0.01422197156814007
G30,0.020374247088211832,0.02990012235286622,0.009525875264654388
R99,0.0068855984371627545,0.014109783816019841,0.0072241853788570865
I11,0.01337438875108839,0.01977275949443751,0.006398370743349119
C34,0.03300640201146019,0.03782177483834097,0.0048153728268807774
I10,0.013937721806457202,0.018635679274911512,0.004697957468454311
I48,0.009147186999268192,0.013675283484569952,0.004528096485301759
J44,0.02286885333986394,0.026677241461714563,0.0038083881218506227
C25,0.020490235272569268,0.023738921545273368,0.0032486862727040995
F01,0.01019887202745147,0.012979477437264478,0.0027806054098130084
J12,0.0001449922760748213,0.002169225758854657,0.0020242334827798355
G20,0.0026876408216920783,0.004635480642167472,0.0019478398204753936
A41,0.012275018080603193,0.014117238918396493,0.0018422208377933003
A49,0.0006943428151549142,0.002365910351807817,0.0016715675366529028
N17,0.003698751370187331,0.005328259430132973,0.0016295080599456418
K70,0.0028476985121754666,0.0041322624179797604,0.0012845639058042938
R54,0.0006633640834107667,0.0018341544300914349,0.0011707903466806682
F03,0.0019515016108929283,0.002999399137332003,0.0010478975264390745
J18,0.021423184110910622,0.022458509746629832,0.00103532563571921
J45,0.0015778402319673855,0.00255204864804062,0.0009742084160732347
U10,0.0,0.0009236929643969529,0.0009236929643969529
K56,0.003015242009395564,0.0038255975893269185,0.0008103555799313543
E86,0.0014485668566499663,0.0022138439441020045,0.0007652770874520382
N39,0.0028403607093841106,0.003586060622303157,0.0007456999129190466
T78,6.299908490438865e-05,0.0007571006343462561,0.0006941015494418675
R98,0.0006638182106925782,0.001339128759706632,0.0006753105490140538
J10,0.0005843662023616846,0.0011871295701965086,0.000602763367834824
N19,0.0003503007646165465,0.0009158278147399831,0.0005655270501234366
I71,0.004309698172808582,0.004865065959308315,0.0005553677864997327
C80,0.010848837154525021,0.011375023645501808,0.0005261864909767867
A46,0.0003999924108463883,0.0008968261835167515,0.0004968337726703631
J69,0.0003563105877788921,0.000844116905378688,0.00048780631759979593
C83,0.002388425276885291,0.002864247474760089,0.000475822197874798
C21,0.0008217243224010707,0.001291882785315857,0.0004701584629147864
D38,0.0003845929980204123,0.0008254611935003511,0.00044086819547993884
R09,0.0006072102841436109,0.0010377663008766893,0.00043055601673307837
E66,0.0008214121347612909,0.0012084588768864325,0.00038704674212514166
C15,0.0016730866936810096,0.002052727555055878,0.00037964086137486823
G35,0.0009026285008348755,0.0012684783926388196,0.0003658498918039442
I38,0.00027555642324474973,0.0006348162288646552,0.00035925980561990543
C44,0.0009869510519736762,0.001341483725642528,0.0003545326736688517
C71,0.0049895671597150245,0.005322469559394808,0.00033290239967978356
I35,0.005107011473658158,0.0054212399802403026,0.0003142285065821449
D37,0.000647857228891694,0.0009603376310467086,0.00031248040215501466
N18,0.00507451450464865,0.005383874961413106,0.00030936045676445596
F10,0.00020258670410353577,0.000501689726264675,0.0002991030221611392
C82,0.0006007303344579656,0.0008980008239797085,0.0002972704895217429
I13,0.0022489688547446323,0.0025363894289094037,0.0002874205741647713
D48,0.0002961769313033285,0.0005781984052847879,0.00028202147398145936
E78,0.00035648033625326276,0.0006042853609753521,0.00024780502472208937
C92,0.003790905216275896,0.004037317210999449,0.0002464119947235533
K74,0.0036925377829214534,0.003938488540160206,0.0002459507572387526
E13,0.00032020478716750505,0.000561050615957021,0.00024084582878951591
C65,0.0008812297855507103,0.0011187908094333272,0.00023756102388261687
M46,0.000434931540169008,0.000669223652584461,0.00023429211241545302
C10,0.00019790652994880007,0.0004209905616804653,0.00022308403173166525
K76,0.0006847453598628655,0.0009066352217425439,0.00022188986187967837
T51,0.0002805365505750955,0.0004902004173250891,0.00020966386674999357
K72,0.0006631212949486249,0.00086728844679355,0.0002041671518449251
D47,0.0005649763056254138,0.0007651277480143702,0.0002001514423889564
D68,0.0005228191322356028,0.0007199387302751371,0.00019711959803953428
L03,0.0003760251077617597,0.0005640265333316752,0.0001880014255699155
G41,0.00045246079497562864,0.0006362636483162731,0.0001838028533406445
I49,0.0015029028486397416,0.0016817751227387837,0.00017887227409904213
C57,0.002233339233811146,0.0024106735947491843,0.00017733436093803805
C76,0.0017408631947961489,0.0019077578860562325,0.00016689469126008358
G31,0.0005760187642461792,0.0007371983646671759,0.00016117960042099668
D43,0.00022610169868643725,0.0003848822918743995,0.00015878059318796226
G21,0.00036525169727621846,0.000523039415395373,0.00015778771811915458
K92,0.0009956163785770525,0.0011503033942498971,0.00015468701567284467
J96,0.0011781547743014223,0.0013319680417778633,0.000153813267476441
C52,0.00039927009396467476,0.0005463319630081388,0.00014706186904346402
C09,0.0003549773792798453,0.0005005356611741844,0.0001455582818943391
C02,0.0004858071762270033,0.0006208772081737179,0.00013507003194671458
C43,0.0027818473416651016,0.002915137153719192,0.00013328981205409018
J16,0.0002291788863680437,0.0003578136192565683,0.00012863473288852458
J80,9.402233279644172e-05,0.00021359281592201436,0.00011957048312557264
I44,0.00021558465727763754,0.00033512835573852384,0.0001195436984608863
A81,3.811236494268781e-05,0.0001573556473374876,0.00011924328239479979
C48,0.0007649145806797361,0.0008838289520265957,0.00011891437134685964
E43,0.0011005647595442915,0.0012174493852145497,0.00011688462567025827
K63,0.0006394583767826282,0.0007541041415991354,0.00011464576481650724
M06,0.0003448298251973053,0.00045565141203491303,0.00011082158683760774
R26,0.0,0.00011038989711661589,0.00011038989711661589
R64,0.0002417343354268485,0.0003493607307905886,0.00010762639536374008
G40,0.0008555194213614125,0.000960630985407836,0.00010511156404642357
C45,0.000284882872104389,0.00038419392930825997,9.931105720387097e-05
S12,0.00021094875335097392,0.00030673326986697843,9.578451651600452e-05
K75,0.00024489507841312156,0.0003393999197740389,9.450484136091733e-05
J43,0.000801954016080365,0.0008950854097040062,9.313139362364116e-05
K50,0.0002797786705824193,0.00037100377428241413,9.122510369999483e-05
N10,0.0009946108447229454,0.0010792716863211097,8.466084159816428e-05
D86,0.00018099817858482917,0.00026488544120131325,8.388726261648408e-05
I33,0.0006003380617217082,0.0006841238148301987,8.378575310849046e-05
J39,5.430431252977456e-05,0.00013700305843048307,8.269874590070851e-05
A40,0.00020441950805366658,0.0002858093555341459,8.138984748047931e-05
C88,0.00023653307257964908,0.00031761529471184313,8.108222213219405e-05
J22,0.00021077516590196606,0.00028897819644449024,7.820303054252418e-05
T76,0.0,7.662052408438473e-05,7.662052408438473e-05
L97,4.881029219070916e-05,0.00012442018749935846,7.560989530864931e-05
C74,0.0001832956347587474,0.0002572327603657448,7.39371256069974e-05
M05,0.00045954142551765626,0.0005322205941539778,7.267916863632151e-05
E87,0.00048465156680989823,0.0005572139878530035,7.256242104310525e-05
C03,0.0001391273218523174,0.00021137595543283853,7.224863358052113e-05
G80,6.56770966630031e-05,0.00013792427225879812,7.224717559579503e-05
R57,0.00011259311126587986,0.00018285986336338933,7.026675209750947e-05
K44,0.00013478431992804138,0.00020401662895839744,6.923230903035606e-05
J84,0.0025918460208818163,0.002660668034838392,6.882201395657555e-05
E07,4.073680461673671e-05,0.00010848696636103388,6.775016174429718e-05
C17,0.0007498320897668285,0.0008173016593954987,6.74695696286702e-05
D69,0.00028299431984647164,0.0003493607307905886,6.636641094411695e-05
M32,0.00018650560293049468,0.00025278884816700613,6.628324523651145e-05
G23,8.125779320791711e-05,0.00014612373409013594,6.486594088221883e-05
C06,0.00019420240318160942,0.0002583263223572835,6.41239191756741e-05
J86,9.438958244594448e-05,0.00015700575893500058,6.26161764890561e-05
T43,0.0001715885269917811,0.0002328466507614405,6.125812376965939e-05
E83,0.00010283557575753972,0.00016200103269632465,5.9165456938784926e-05
D64,0.00030750283384127535,0.0003662151657572281,5.8712331915952774e-05
D41,0.0001729840119163663,0.00023010358464896176,5.711957273259546e-05
J06,9.935306956789787e-05,0.00015585169384451001,5.649862427661215e-05
K66,0.00015613244668890626,0.00021192273642860787,5.579028973970161e-05
D20,0.0,5.47240539579172e-05,5.47240539579172e-05
B01,0.0,5.47240539579172e-05,5.47240539579172e-05
E72,0.0,5.47240539579172e-05,5.47240539579172e-05
C13,0.00014086383911629977,0.00019520988303233842,5.434604391603865e-05
T42,0.00022465369889787418,0.00027845002905970486,5.379633016183068e-05
N15,0.0001641091744048045,0.00021648765482525033,5.2378480420445836e-05
S27,0.000251130624701664,0.0003033224165608266,5.2191791859162594e-05
G25,2.6830341084338845e-05,7.844237636854842e-05,5.1612035284209575e-05
D16,0.0,5.108034938958982e-05,5.108034938958982e-05
D70,0.0001085145117958045,0.0001578664696643638,4.935195786855929e-05
K38,0.0,4.9349251753853954e-05,4.9349251753853954e-05
K82,0.0001483645015705073,0.00019636394812282902,4.799944655232172e-05
D39,0.00020719550671356826,0.00025492463018476365,4.772912347119539e-05
J13,0.00017280497075354605,0.00021982884389881827,4.702387314527222e-05
L08,4.351562664818167e-05,9.030153757386403e-05,4.6785910925682365e-05
C32,0.00041547486611316013,0.0004622311062514092,4.6756240138249086e-05
C01,0.00016371611760983322,0.00020967510934657863,4.59589917367454e-05
M81,0.0,4.4155958846646355e-05,4.4155958846646355e-05
F20,0.0,4.4155958846646355e-05,4.4155958846646355e-05
G11,3.626553369109735e-05,8.026422865271211e-05,4.399869496161476e-05
I12,0.0015647719874869125,0.0016084650211351133,4.369303364820079e-05
D65,5.914954333114301e-05,0.00010234220807603529,4.319266474489228e-05
M31,0.00012895363698539988,0.00017203834161747653,4.3084704632076655e-05
C94,0.0006117861483051024,0.0006540187217387613,4.223257343365897e-05
B34,3.216648586884696e-05,7.416000960342267e-05,4.19935237345757e-05
M54,5.451182569797548e-05,9.613694669208482e-05,4.162512099410934e-05
C49,0.0008224546707920671,0.0008637657484231263,4.131107763105917e-05
C93,0.00018626873899259063,0.0002261551114806725,3.988637248808187e-05
E23,3.677358891499234e-05,7.662052408438473e-05,3.984693516939239e-05
A84,2.6862929004737678e-05,6.623393826996953e-05,3.937100926523185e-05
Q90,6.066293248175775e-05,9.997357479610226e-05,3.9310642314344516e-05
F11,0.0,3.922118818427421e-05,3.922118818427421e-05
C38,0.0005403436450975302,0.0005788570313448291,3.8513386247298904e-05
C05,0.00015143211469309075,0.0001896119057431092,3.817979105001843e-05
K35,0.00013700519381713077,0.00017489325279422706,3.788805897709629e-05
N32,4.647791757272508e-05,8.294679166623898e-05,3.64688740935139e-05
K21,9.01238572859293e-05,0.0001261210335856184,3.5997176299689096e-05
E03,0.000372486412697681,0.00040731412875780193,3.4827716060120944e-05
T38,0.00010102116800061714,0.00013530221234422314,3.4281044343605996e-05
B44,2.70345843874235e-05,6.038824146551554e-05,3.335365707809204e-05
S55,3.752711826940433e-05,7.059677199728989e-05,3.3069653727885564e-05
E24,2.7437423923707337e-05,6.0478996113943364e-05,3.3041572190236026e-05
C51,0.0017807110365017826,0.0018135352843585643,3.282424785678163e-05
C86,8.128079790482386e-05,0.00011293087855977254,3.1650080654948686e-05
T40,8.105845994250675e-05,0.00011255644572722685,3.14979857847201e-05
I72,0.00026328030777478473,0.0002943227470990775,3.104243932429277e-05
E06,4.7339893624836335e-05,7.795609847173096e-05,3.061620484689462e-05
C11,0.00010493065505598046,0.00013408764415478067,2.915698909880021e-05
C14,6.725428937097891e-05,9.58435923309574e-05,2.8589302959978495e-05
K62,9.970698230576429e-05,0.00012794288586978207,2.8235903564017786e-05
M65,2.6497085320614733e-05,5.47240539579172e-05,2.822696863730247e-05
J03,2.6615744701711245e-05,5.47240539579172e-05,2.8108309256205956e-05
D52,2.6761690953596737e-05,5.47240539579172e-05,2.7962363004320465e-05
A31,2.69631262754332e-05,5.47240539579172e-05,2.7760927682484e-05
C00,0.00010467352747174803,0.00013232629496956886,2.765276749782083e-05
T69,0.00012570953159268713,0.0001531897062034496,2.7480174610762455e-05
S37,2.7300381477997804e-05,5.47240539579172e-05,2.7423672479919398e-05
B67,0.0,2.73620269789586e-05,2.73620269789586e-05
E70,0.0,2.73620269789586e-05,2.73620269789586e-05
S60,0.0,2.73620269789586e-05,2.73620269789586e-05
S58,0.0,2.73620269789586e-05,2.73620269789586e-05
M24,0.0,2.73620269789586e-05,2.73620269789586e-05
G24,0.0,2.73620269789586e-05,2.73620269789586e-05
A43,0.0,2.73620269789586e-05,2.73620269789586e-05
N02,0.0,2.73620269789586e-05,2.73620269789586e-05
N31,0.0,2.73620269789586e-05,2.73620269789586e-05
J09,5.970266483298634e-05,8.701627103243194e-05,2.7313606199445602e-05
B37,8.68462564251744e-05,0.00011408494365026314,2.7238687225088738e-05
T44,4.037611749869583e-05,6.707407362686628e-05,2.669795612817045e-05
G50,0.0,2.6451100836876756e-05,2.6451100836876756e-05
D14,0.0,2.6451100836876756e-05,2.6451100836876756e-05
K45,7.272579492151774e-05,9.87590066066598e-05,2.6033211685142058e-05
G72,5.428041899879725e-05,8.026422865271211e-05,2.598380965391486e-05
S07,4.581974450785787e-05,7.151798582560496e-05,2.5698241317747086e-05
Q78,0.0,2.554017469479491e-05,2.554017469479491e-05
T97,0.0,2.554017469479491e-05,2.554017469479491e-05
L95,0.0,2.554017469479491e-05,2.554017469479491e-05
A35,0.0,2.554017469479491e-05,2.554017469479491e-05
H34,0.0,2.554017469479491e-05,2.554017469479491e-05
L93,0.0,2.4993393699025566e-05,2.4993393699025566e-05
I85,0.00018113291040828823,0.00020609190787720312,2.4958997468914893e-05
I00,0.0,2.472000320114089e-05,2.472000320114089e-05
T32,2.6497085320614733e-05,5.108034938958982e-05,2.458326406897509e-05
Q60,2.652027475004641e-05,5.108034938958982e-05,2.4560074639543412e-05
A85,4.1450201386102806e-05,6.567228902115097e-05,2.4222087635048164e-05
K46,5.757171168399598e-05,8.173222347679653e-05,2.416051179280055e-05
C04,0.00022330202620245154,0.00024731187707568064,2.40098508732291e-05
I78,3.453372208132312e-05,5.783697233612566e-05,2.3303250254802534e-05
I82,0.0005695443448879088,0.0005927355489368145,2.319120404890569e-05
D53,3.112613605685101e-05,5.381312781583536e-05,2.268699175898435e-05
G96,4.2277000355220866e-05,6.470544034693324e-05,2.242843999171238e-05
C66,0.00022198100634471244,0.0002442149535031226,2.223394715841019e-05
S40,0.0,2.2077979423323178e-05,2.2077979423323178e-05
R18,0.0,2.2077979423323178e-05,2.2077979423323178e-05
S78,0.0,2.2077979423323178e-05,2.2077979423323178e-05
T64,0.0,2.2077979423323178e-05,2.2077979423323178e-05
F60,0.0,2.2077979423323178e-05,2.2077979423323178e-05
B43,0.0,2.2077979423323178e-05,2.2077979423323178e-05
L72,0.0,2.2077979423323178e-05,2.2077979423323178e-05
Q20,0.0,2.2077979423323178e-05,2.2077979423323178e-05
M62,0.0,2.2077979423323178e-05,2.2077979423323178e-05
S64,0.0,2.2077979423323178e-05,2.2077979423323178e-05
G00,0.0001340871751007885,0.00015585169384451001,2.1764518743721525e-05
S30,2.7639839423932905e-05,4.93795033033299e-05,2.1739663879396992e-05
D76,3.2595839648331165e-05,5.381312781583536e-05,2.1217288167504192e-05
F17,2.6800527046234578e-05,4.761815411811809e-05,2.0817627071883515e-05
D61,0.00011025743520919594,0.00013085830014548448,2.060086493628854e-05
T46,0.00011599220042813601,0.0001364562774347137,2.0464077006577695e-05
G71,5.3708756620277704e-05,7.416000960342267e-05,2.0451252983144962e-05
N34,3.444712386087763e-05,5.47240539579172e-05,2.0276930097039575e-05
K90,3.44822517752976e-05,5.47240539579172e-05,2.0241802182619604e-05
I73,3.990144131064403e-05,5.965424405347334e-05,1.975280274282931e-05
I42,0.0021996836705928348,0.002219360842919815,1.967717232698044e-05
G98,5.0432240949168476e-05,6.998948790256866e-05,1.9557246953400183e-05
C67,0.004808968561627712,0.004827350366212998,1.8381804585286023e-05
T47,2.6473936409604743e-05,4.4155958846646355e-05,1.7682022437041612e-05
D60,2.6497085320614733e-05,4.4155958846646355e-05,1.7658873526031622e-05
A48,9.519652365550444e-05,0.00011261694882617873,1.742042517067428e-05
T12,2.704704906372901e-05,4.4155958846646355e-05,1.7108909782917347e-05
I83,0.0008413051438375251,0.0008580353506971589,1.6730206859633763e-05
C30,9.686998898627533e-05,0.00011322423292089996,1.635424393462463e-05
A39,3.5762809518031284e-05,5.199127553167167e-05,1.6228466013640384e-05
N00,5.025986967356222e-05,6.623393826996953e-05,1.5974068596407315e-05
F71,4.4678042332111776e-05,6.038824146551554e-05,1.5710199133403767e-05
F72,4.313450549520913e-05,5.8500178962982765e-05,1.5365673467773634e-05
T02,8.855799289368071e-05,0.00010265613780962912,1.4098144915948409e-05
Q24,3.6142431305278846e-05,4.998678739805113e-05,1.3844356092772285e-05
D50,0.00018888428028992083,0.00020164799567846446,1.2763715388543624e-05
S35,6.44868675574617e-05,7.674153028228849e-05,1.2254662724826794e-05
K40,0.00011344134355313592,0.00012557425258984903,1.2132909036713117e-05
S15,3.7575682455664306e-05,4.944000640228178e-05,1.1864323946617476e-05
K22,0.0002755732599278147,0.0002869634206246364,1.1390160696821692e-05
M33,5.36447344548119e-05,6.476136287906912e-05,1.1116628424257219e-05
F31,2.7311710529815414e-05,3.8401016690620186e-05,1.1089306160804772e-05
T67,4.01317372948185e-05,5.108034938958982e-05,1.0948612094771323e-05
D35,6.302418112316995e-05,7.382611600658611e-05,1.0801934883416159e-05
T68,0.0003581740248613929,0.0003687561472003849,1.0582122338991993e-05
C37,6.268100454144096e-05,7.321883191186488e-05,1.053782737042392e-05
S81,4.2368395910559916e-05,5.290220167375351e-05,1.0533805763193597e-05
C46,4.2247055719777605e-05,5.235542067798417e-05,1.0108364958206565e-05
N25,4.103420600020843e-05,5.108034938958982e-05,1.0046143389381394e-05
G10,0.00017302957666332674,0.00018292036646234123,9.890789799014494e-06
G83,2.688673051938725e-05,3.65791644064565e-05,9.692433887069246e-06
K27,0.00022558946924525037,0.00023521528404137353,9.625814796123154e-06
I28,8.859808307474494e-05,9.821222561089044e-05,9.614142536145504e-06
Q23,4.3290312666551653e-05,5.290220167375351e-05,9.611889007201859e-06
L51,2.7091702699327944e-05,3.65791644064565e-05,9.487461707128553e-06
G36,4.34813777142211e-05,5.290220167375351e-05,9.420823959532413e-06
D81,4.561609554973018e-05,5.47240539579172e-05,9.10795840818702e-06
S70,6.107700907468252e-05,6.998948790256866e-05,8.91247882788614e-06
Q61,9.795576437802482e-05,0.00010678612027477396,8.830355896749146e-06
S36,0.00013277524851920425,0.0001415074737281736,8.73222520896935e-06
F06,8.040849078431043e-05,8.854476895546823e-05,8.136278171157798e-06
G12,0.0008414990067836054,0.0008494820314057418,7.983024622136396e-06
F09,2.6890057776288062e-05,3.4848066770720635e-05,7.958008994432573e-06
R55,2.703622537010892e-05,3.4848066770720635e-05,7.811841400611714e-06
K42,0.00014774922894554164,0.00015555833948338263,7.809110537840985e-06
S85,3.22067264047437e-05,3.9712046647907686e-05,7.505320243163988e-06
D59,6.984754367247696e-05,7.734881437700972e-05,7.501270704532759e-06
J61,3.191744701733223e-05,3.922118818427421e-05,7.3037411669419825e-06
B00,4.223097039705337e-05,4.93795033033299e-05,7.1485329062765274e-06
F50,4.5290285441293155e-05,5.235542067798417e-05,7.065135236691014e-06
G91,0.00024225617417491287,0.0002492661497965825,7.0099756216696475e-06
E15,3.455283094823619e-05,4.086611173839826e-05,6.313280790162076e-06
G81,4.51157552993201e-05,5.11408524885417e-05,6.0250971892216e-06
S51,2.650281870857067e-05,3.235272017346662e-05,5.849901464895953e-06
C68,0.00026493614620365233,0.00027048341849054253,5.5472722868901985e-06
T50,0.00011518781668605573,0.00012052305629638914,5.335239610333408e-06
F07,3.314317541800597e-05,3.8401016690620186e-05,5.257841272614215e-06
T30,4.600031858329878e-05,5.108034938958982e-05,5.080030806291043e-06
E04,5.3452899489574346e-05,5.795339796721342e-05,4.500498477639077e-06
G61,9.702254245635514e-05,0.00010152203658238127,4.499494126026133e-06
F32,3.875833847958516e-05,4.262746092361007e-05,3.86912244402491e-06
I30,0.00011829520931606476,0.00012205155421942543,3.756344903360669e-06
J98,0.00010197977547177401,0.00010496426799061027,2.984492518836259e-06
J85,0.00014592433120693917,0.0001488062971036628,2.8819658967236216e-06
K11,3.742272734222642e-05,4.0132114326356055e-05,2.7093869841296342e-06
M41,3.6219307346779015e-05,3.8401016690620186e-05,2.181709343841171e-06
E21,4.827838175463976e-05,4.998678739805113e-05,1.708405643411369e-06
J36,4.031121780482869e-05,4.147339583311949e-05,1.162178028290799e-06
N70,3.558460833262655e-05,3.65791644064565e-05,9.945560738299449e-07
T11,2.6497085320614733e-05,2.73620269789586e-05,8.649416583438675e-07
Q03,2.6497105579825577e-05,2.73620269789586e-05,8.649213991330242e-07
B26,2.651753342565817e-05,2.73620269789586e-05,8.444935533004298e-07
J05,2.652027475004641e-05,2.73620269789586e-05,8.417522289121902e-07
T80,2.6529107881163166e-05,2.73620269789586e-05,8.329190977954345e-07
D51,3.866183063194733e-05,3.922118818427421e-05,5.593575523268771e-07
J82,2.6866888606067228e-05,2.73620269789586e-05,4.95138372891373e-07
E01,2.694065319432866e-05,2.73620269789586e-05,4.2137378462994146e-07
T48,2.695082626192478e-05,2.73620269789586e-05,4.112007170338207e-07
R63,2.7004683068329083e-05,2.73620269789586e-05,3.5734391062951763e-07
T63,2.717027786744218e-05,2.73620269789586e-05,1.9174911151642176e-07
Q43,2.7184686065657467e-05,2.73620269789586e-05,1.7734091330113424e-07
F78,2.7259840802529713e-05,2.73620269789586e-05,1.0218617642888782e-07
J47,4.5849257776627234e-05,4.5887056482382224e-05,3.779870575498984e-08
L88,2.7437423923707337e-05,2.73620269789586e-05,-7.539694474873655e-08
M71,2.754006089368383e-05,2.73620269789586e-05,-1.7803391472522942e-07
N23,2.754006089368383e-05,2.73620269789586e-05,-1.7803391472522942e-07
D18,2.756504294408421e-05,2.73620269789586e-05,-2.0301596512560885e-07
F73,2.7639839423932905e-05,2.73620269789586e-05,-2.778124449743038e-07
F70,2.675011649809174e-05,2.6451100836876756e-05,-2.990156612149854e-07
A26,3.607922015678926e-05,3.575899291280248e-05,-3.2022724398678127e-07
N93,2.7820280984837948e-05,2.73620269789586e-05,-4.5825400587934666e-07
D66,2.615062761506276e-05,2.554017469479491e-05,-6.104529202678486e-07
K20,0.00010011716258662094,9.936629070138103e-05,-7.508718852399139e-07
L40,2.7290484243523848e-05,2.6451100836876756e-05,-8.393834066470918e-07
S41,2.6497085320614733e-05,2.554017469479491e-05,-9.56910625819822e-07
A42,2.6497085320614733e-05,2.554017469479491e-05,-9.56910625819822e-07
F33,2.6526163504124248e-05,2.554017469479491e-05,-9.859888093293365e-07
S88,2.6529107881163166e-05,2.554017469479491e-05,-9.88933186368255e-07
S29,4.190177340242196e-05,4.086611173839826e-05,-1.035661664023694e-06
N05,2.662412329091324e-05,2.554017469479491e-05,-1.0839485961183284e-06
T34,2.6687642276062495e-05,2.554017469479491e-05,-1.1474675812675833e-06
D34,2.675011649809174e-05,2.554017469479491e-05,-1.2099418032968302e-06
S21,2.6872323850105556e-05,2.554017469479491e-05,-1.3321491553106443e-06
A86,2.7049668173527498e-05,2.554017469479491e-05,-1.509493478732587e-06
G54,2.7068208457152177e-05,2.554017469479491e-05,-1.5280337623572657e-06
D44,4.247425571628933e-05,4.086611173839826e-05,-1.6081439778910673e-06
D62,5.398524419201399e-05,5.235542067798417e-05,-1.6298235140298168e-06
K04,2.7259840802529713e-05,2.554017469479491e-05,-1.7196661077348017e-06
M08,2.7259840802529713e-05,2.554017469479491e-05,-1.7196661077348017e-06
F13,2.6755159406557016e-05,2.4993393699025566e-05,-1.7617657075314505e-06
T37,2.7337645393458263e-05,2.554017469479491e-05,-1.7974706986633517e-06
J04,4.506893962475436e-05,4.3234745018331295e-05,-1.8341946064230678e-06
R04,2.6890057776288062e-05,2.4993393699025566e-05,-1.8966640772624964e-06
C12,2.6894453576127524e-05,2.4993393699025566e-05,-1.9010598771019586e-06
S31,2.769998661090125e-05,2.554017469479491e-05,-2.1598119161063387e-06
E27,3.4519051262087605e-05,3.235272017346662e-05,-2.1663310886209827e-06
G57,2.7820280984837948e-05,2.554017469479491e-05,-2.280106290043036e-06
L30,2.8019838045336096e-05,2.554017469479491e-05,-2.479663350541185e-06
Q01,2.8019838045336096e-05,2.554017469479491e-05,-2.479663350541185e-06
G45,4.262411849523001e-05,4.0132114326356055e-05,-2.492004168873955e-06
D45,0.0002268042548980973,0.00022372597510178762,-3.0782797963096835e-06
N26,3.0453664648889285e-05,2.73620269789586e-05,-3.0916376699306846e-06
R00,2.7820280984837948e-05,2.472000320114089e-05,-3.1002777836970566e-06
S91,2.7259840802529713e-05,2.3809077059059046e-05,-3.450763743470667e-06
J68,2.7311710529815414e-05,2.3809077059059046e-05,-3.502633470756368e-06
E85,0.00015018788890883728,0.0001461842371890878,-4.003651719749465e-06
Q28,4.333910868444703e-05,3.922118818427421e-05,-4.117920500172818e-06
T65,4.61469895436792e-05,4.202017682888883e-05,-4.126812714790364e-06
I07,0.0002422530079393252,0.0002378978470549004,-4.355160884424782e-06
N82,4.3698007737064266e-05,3.922118818427421e-05,-4.476819552790055e-06
F19,2.65611304417116e-05,2.2077979423323178e-05,-4.483151018388422e-06
D15,2.6579351547784367e-05,2.2077979423323178e-05,-4.501372124461189e-06
B16,2.675011649809174e-05,2.2077979423323178e-05,-4.672137074768564e-06
A06,2.6773285668312576e-05,2.2077979423323178e-05,-4.695306244989398e-06
T96,2.685500980207858e-05,2.2077979423323178e-05,-4.777030378755401e-06
S61,2.692120679091108e-05,2.2077979423323178e-05,-4.843227367587903e-06
E02,2.7057425302304146e-05,2.2077979423323178e-05,-4.979445878980968e-06
C69,0.00022525773727625464,0.00022026377983031586,-4.993957445938787e-06
S45,2.7147108697221345e-05,2.2077979423323178e-05,-5.0691292738981676e-06
T21,2.7259840802529713e-05,2.2077979423323178e-05,-5.1818613792065355e-06
T31,0.00010168358887199408,9.645087642567864e-05,-5.232712446315437e-06
L12,6.439955525678945e-05,5.910746305770399e-05,-5.292092199085453e-06
T39,3.8833394822200276e-05,3.35067852639572e-05,-5.3266095582430765e-06
T59,3.9768817410353776e-05,3.411406935867843e-05,-5.654748051675349e-06
T36,2.7820280984837948e-05,2.2077979423323178e-05,-5.74230156151477e-06
C08,0.00014784400996424016,0.00014205425472394297,-5.7897552402971894e-06
S28,2.7920059515087022e-05,2.2077979423323178e-05,-5.842080091763844e-06
J63,3.150555918487714e-05,2.554017469479491e-05,-5.9653844900822265e-06
M30,3.070442272223198e-05,2.472000320114089e-05,-5.984419521091086e-06
K73,9.708449884211537e-05,9.091340223540127e-05,-6.171096606714103e-06
S39,3.1324450469959756e-05,2.472000320114089e-05,-6.604447268818865e-06
T98,3.230552378115867e-05,2.554017469479491e-05,-6.7653490863637556e-06
G04,8.42936576515265e-05,7.734881437700972e-05,-6.944843274516777e-06
D12,4.6272188764898644e-05,3.922118818427421e-05,-7.0510005806244334e-06
S18,3.244444003152348e-05,2.472000320114089e-05,-7.724436830382592e-06
E84,3.417965394433458e-05,2.6451100836876756e-05,-7.728553107457826e-06
C47,4.976504394327045e-05,4.202017682888883e-05,-7.744867114381619e-06
N04,4.015507568938571e-05,3.235272017346662e-05,-7.80235551591909e-06
R58,3.355007073845221e-05,2.554017469479491e-05,-8.009896043657296e-06
K31,0.00010225677361098954,9.414274624469747e-05,-8.114027366292064e-06
E22,3.570682934058321e-05,2.73620269789586e-05,-8.344802361624607e-06
S75,3.389943385318047e-05,2.554017469479491e-05,-8.359259158385557e-06
J46,7.079870731935219e-05,6.211933910125141e-05,-8.679368218100775e-06
S20,3.1317443744840845e-05,2.2077979423323178e-05,-9.239464321517667e-06
T93,9.722202274324201e-05,8.793748486074699e-05,-9.284537882495015e-06
J81,0.0001463875338838908,0.00013700305843048307,-9.38447545340774e-06
A18,3.1556795270478215e-05,2.2077979423323178e-05,-9.478815847155038e-06
A19,3.5433061695021566e-05,2.554017469479491e-05,-9.892887000226655e-06
M87,3.551176661583327e-05,2.554017469479491e-05,-9.971591921038361e-06
S80,3.644409067367443e-05,2.6451100836876756e-05,-9.992989836797676e-06
A52,3.5575982617787976e-05,2.554017469479491e-05,-1.0035807922993065e-05
G90,3.2155602199691785e-05,2.2077979423323178e-05,-1.0077622776368607e-05
G06,9.373762992619031e-05,8.349357266200833e-05,-1.0244057264181982e-05
S00,4.377244407693815e-05,3.35067852639572e-05,-1.0265658812980953e-05
G62,7.796757727001512e-05,6.762085462263563e-05,-1.034672264737949e-05
S71,3.596016175485201e-05,2.554017469479491e-05,-1.0419987060057095e-05
K30,9.410689627072574e-05,8.28862885672871e-05,-1.1220607703438641e-05
A08,4.7829009993772336e-05,3.65791644064565e-05,-1.1249845587315839e-05
D72,3.873107654162141e-05,2.73620269789586e-05,-1.1369049562662807e-05
H70,3.392105465672895e-05,2.2077979423323178e-05,-1.184307523340577e-05
G92,9.724368791132582e-05,8.502207058504462e-05,-1.2221617326281203e-05
L98,5.371001960415716e-05,4.147339583311949e-05,-1.2236623771037667e-05
D89,4.725391583653952e-05,3.4848066770720635e-05,-1.2405849065818888e-05
M48,3.461555425228567e-05,2.2077979423323178e-05,-1.2537574828962491e-05
J62,3.6463923737788504e-05,2.3809077059059046e-05,-1.2654846678729458e-05
G70,0.00016340660618139986,0.0001505676462888746,-1.2838959892525262e-05
E34,4.043041524246538e-05,2.73620269789586e-05,-1.3068388263506782e-05
A05,3.5513594165425435e-05,2.2077979423323178e-05,-1.3435614742102257e-05
E25,3.9734073784627946e-05,2.554017469479491e-05,-1.4193899089833035e-05
M72,3.6456207434118505e-05,2.2077979423323178e-05,-1.4378228010795327e-05
A02,0.00012359582307078178,0.00010909425045575512,-1.450157261502666e-05
J64,4.013514945662521e-05,2.554017469479491e-05,-1.45949747618303e-05
K60,4.050700434328278e-05,2.554017469479491e-05,-1.4966829648487872e-05
K58,3.975722269563794e-05,2.472000320114089e-05,-1.5037219494497046e-05
D73,3.716960679981318e-05,2.2077979423323178e-05,-1.509162737649e-05
C39,0.000415682014322315,0.00039983379608545715,-1.584821823685784e-05
B99,6.600768335423199e-05,4.998678739805113e-05,-1.6020895956180855e-05
N01,4.082406675786363e-05,2.472000320114089e-05,-1.6104063556722738e-05
K61,5.9966638538363536e-05,4.3234745018331295e-05,-1.673189352003224e-05
T73,4.3362163710583754e-05,2.6451100836876756e-05,-1.6911062873706998e-05
D75,7.754731428775376e-05,6.038824146551554e-05,-1.715907282223822e-05
K28,0.00013086673988953846,0.00011353816265449378,-1.7328577235044683e-05
S82,0.00026918015478340977,0.0002516952861754674,-1.7484868607942365e-05
G60,4.0062690395502944e-05,2.2077979423323178e-05,-1.7984710972179766e-05
M47,4.007290431841924e-05,2.2077979423323178e-05,-1.799492489509606e-05
S14,0.00010457453383419318,8.64089869377107e-05,-1.8165546896482473e-05
E12,5.664657911101105e-05,3.8401016690620186e-05,-1.8245562420390864e-05
C40,0.00011868785957817497,9.997357479610226e-05,-1.8714284782072704e-05
T13,4.0879202158818697e-05,2.2077979423323178e-05,-1.880122273549552e-05
Q62,4.093643707899771e-05,2.2077979423323178e-05,-1.8858457655674535e-05
T54,4.53733593808245e-05,2.554017469479491e-05,-1.9833184686029587e-05
N28,7.188678874673438e-05,5.1748136583262935e-05,-2.013865216347145e-05
N73,4.22886195714044e-05,2.2077979423323178e-05,-2.0210640148081222e-05
C07,0.0002501894786287025,0.0002299312364857381,-2.0258242142964393e-05
J67,7.337563639959186e-05,5.290220167375351e-05,-2.0473434725838347e-05
M35,6.42089736647247e-05,4.3234745018331295e-05,-2.0974228646393403e-05
C31,0.0001645909172115157,0.00014320831981443354,-2.1382597397082154e-05
I37,4.6663257214086446e-05,2.472000320114089e-05,-2.1943254012945555e-05
S32,0.0006642510939298161,0.0006422965615369999,-2.1954532392816166e-05
J70,0.00010503037614768211,8.28862885672871e-05,-2.2144087580395014e-05
M51,4.719285168263745e-05,2.472000320114089e-05,-2.247284848149656e-05
S09,0.00010489658164226883,8.233950757151775e-05,-2.2557074070751087e-05
T86,4.490892884327711e-05,2.2077979423323178e-05,-2.2830949419953934e-05
B18,0.00017240855460247433,0.00014935307809943216,-2.3055476503042172e-05
E16,0.0001183939661960785,9.529681133518804e-05,-2.3097154860890454e-05
J93,4.79500125400838e-05,2.472000320114089e-05,-2.3230009338942908e-05
Q44,5.5640561969675895e-05,3.235272017346662e-05,-2.3287841796209273e-05
C75,8.945691887476164e-05,6.585950543742381e-05,-2.359741343733783e-05
G03,4.981967308727511e-05,2.554017469479491e-05,-2.42794983924802e-05
I47,0.0002102685035422069,0.00018583578073804363,-2.443272280416327e-05
K41,8.34719862656313e-05,5.8500178962982765e-05,-2.4971807302648534e-05
J21,6.870957673585403e-05,4.3234745018331295e-05,-2.5474831717522735e-05
Q25,6.799511862841954e-05,4.202017682888883e-05,-2.5974941799530702e-05
T04,6.624051041881079e-05,4.0132114326356055e-05,-2.6108396092454735e-05
D01,2.615062761506276e-05,0.0,-2.615062761506276e-05
I65,2.615062761506276e-05,0.0,-2.615062761506276e-05
A83,2.615062761506276e-05,0.0,-2.615062761506276e-05
D03,2.615062761506276e-05,0.0,-2.615062761506276e-05
A80,2.615062761506276e-05,0.0,-2.615062761506276e-05
D10,2.615062761506276e-05,0.0,-2.615062761506276e-05
C58,2.615062761506276e-05,0.0,-2.615062761506276e-05
K37,2.6323856467838747e-05,0.0,-2.6323856467838747e-05
I95,9.957628072385899e-05,7.321883191186488e-05,-2.6357448811994112e-05
T52,2.6395231488793036e-05,0.0,-2.6395231488793036e-05
J94,5.376255178034321e-05,2.73620269789586e-05,-2.640052480138461e-05
Q41,2.6473936409604743e-05,0.0,-2.6473936409604743e-05
H44,2.6473936409604743e-05,0.0,-2.6473936409604743e-05
A99,2.6473936409604743e-05,0.0,-2.6473936409604743e-05
S24,2.6473936409604743e-05,0.0,-2.6473936409604743e-05
N06,2.6473936409604743e-05,0.0,-2.6473936409604743e-05
E26,2.6473936409604743e-05,0.0,-2.6473936409604743e-05
S05,2.6485510865109738e-05,0.0,-2.6485510865109738e-05
Q34,2.6497085320614733e-05,0.0,-2.6497085320614733e-05
E31,2.6497085320614733e-05,0.0,-2.6497085320614733e-05
M70,2.6497085320614733e-05,0.0,-2.6497085320614733e-05
D21,2.6497085320614733e-05,0.0,-2.6497085320614733e-05
D55,2.6497085320614733e-05,0.0,-2.6497085320614733e-05
A88,2.6497085320614733e-05,0.0,-2.6497085320614733e-05
S98,2.650281870857067e-05,0.0,-2.650281870857067e-05
T57,2.650281870857067e-05,0.0,-2.650281870857067e-05
G52,2.651753342565817e-05,0.0,-2.651753342565817e-05
J65,2.652027475004641e-05,0.0,-2.652027475004641e-05
Q40,2.652027475004641e-05,0.0,-2.652027475004641e-05
I88,2.652027475004641e-05,0.0,-2.652027475004641e-05
T05,2.652027475004641e-05,0.0,-2.652027475004641e-05
A96,2.652027475004641e-05,0.0,-2.652027475004641e-05
T23,2.652027475004641e-05,0.0,-2.652027475004641e-05
N76,2.652027475004641e-05,0.0,-2.652027475004641e-05
T22,2.652027475004641e-05,0.0,-2.652027475004641e-05
S08,2.652027475004641e-05,0.0,-2.652027475004641e-05
S38,2.652027475004641e-05,0.0,-2.652027475004641e-05
B25,2.652027475004641e-05,0.0,-2.652027475004641e-05
T00,2.6526163504124248e-05,0.0,-2.6526163504124248e-05
K36,2.655878499099196e-05,0.0,-2.655878499099196e-05
E75,2.65611304417116e-05,0.0,-2.65611304417116e-05
F12,2.65611304417116e-05,0.0,-2.65611304417116e-05
Q75,2.65611304417116e-05,0.0,-2.65611304417116e-05
S77,2.65611304417116e-05,0.0,-2.65611304417116e-05
M75,2.65611304417116e-05,0.0,-2.65611304417116e-05
E40,2.65611304417116e-05,0.0,-2.65611304417116e-05
G08,2.65611304417116e-05,0.0,-2.65611304417116e-05
N21,2.658846210082075e-05,0.0,-2.658846210082075e-05
N14,2.6606957122063404e-05,0.0,-2.6606957122063404e-05
H66,2.6676047561346656e-05,0.0,-2.6676047561346656e-05
L10,2.675011649809174e-05,0.0,-2.675011649809174e-05
S43,2.6773285668312576e-05,0.0,-2.6773285668312576e-05
D58,2.6773285668312576e-05,0.0,-2.6773285668312576e-05
A07,2.6814948336501817e-05,0.0,-2.6814948336501817e-05
M19,2.685500980207858e-05,0.0,-2.685500980207858e-05
Q65,2.685500980207858e-05,0.0,-2.685500980207858e-05
N35,2.685500980207858e-05,0.0,-2.685500980207858e-05
G64,2.685500980207858e-05,0.0,-2.685500980207858e-05
E76,2.685500980207858e-05,0.0,-2.685500980207858e-05
J37,2.685500980207858e-05,0.0,-2.685500980207858e-05
S74,2.685500980207858e-05,0.0,-2.685500980207858e-05
I02,2.6866888606067228e-05,0.0,-2.6866888606067228e-05
I86,2.6877783631400496e-05,0.0,-2.6877783631400496e-05
N07,2.6910485622120656e-05,0.0,-2.6910485622120656e-05
A74,2.694065319432866e-05,0.0,-2.694065319432866e-05
T41,2.694065319432866e-05,0.0,-2.694065319432866e-05
A87,2.6961118203010715e-05,0.0,-2.6961118203010715e-05
D80,2.6999068395493147e-05,0.0,-2.6999068395493147e-05
B27,2.702629658657874e-05,0.0,-2.702629658657874e-05
J01,2.702629658657874e-05,0.0,-2.702629658657874e-05
M43,2.702629658657874e-05,0.0,-2.702629658657874e-05
Q63,2.702629658657874e-05,0.0,-2.702629658657874e-05
S92,2.702629658657874e-05,0.0,-2.702629658657874e-05
G47,2.702629658657874e-05,0.0,-2.702629658657874e-05
K85,0.0020208073057055246,0.0019937616735685444,-2.7045632136980195e-05
D71,2.7085232830199428e-05,0.0,-2.7085232830199428e-05
T62,2.7085232830199428e-05,0.0,-2.7085232830199428e-05
T08,2.7147108697221345e-05,0.0,-2.7147108697221345e-05
T66,2.7147108697221345e-05,0.0,-2.7147108697221345e-05
J02,2.717335701383986e-05,0.0,-2.717335701383986e-05
B33,2.7190705713274774e-05,0.0,-2.7190705713274774e-05
D83,2.72143697752088e-05,0.0,-2.72143697752088e-05
S83,2.7230381055483014e-05,0.0,-2.7230381055483014e-05
T35,2.724688722747042e-05,0.0,-2.724688722747042e-05
N80,2.724688722747042e-05,0.0,-2.724688722747042e-05
S34,2.724688722747042e-05,0.0,-2.724688722747042e-05
A69,2.724688722747042e-05,0.0,-2.724688722747042e-05
F79,2.7258461682975415e-05,0.0,-2.7258461682975415e-05
L13,2.7259840802529713e-05,0.0,-2.7259840802529713e-05
Q89,2.7259840802529713e-05,0.0,-2.7259840802529713e-05
J34,2.7259840802529713e-05,0.0,-2.7259840802529713e-05
K10,2.7259840802529713e-05,0.0,-2.7259840802529713e-05
R56,2.7259840802529713e-05,0.0,-2.7259840802529713e-05
E74,2.7259840802529713e-05,0.0,-2.7259840802529713e-05
A50,2.7259840802529713e-05,0.0,-2.7259840802529713e-05
M99,2.7259840802529713e-05,0.0,-2.7259840802529713e-05
Q33,2.7259840802529713e-05,0.0,-2.7259840802529713e-05
D56,2.7259840802529713e-05,0.0,-2.7259840802529713e-05
L94,2.7259840802529713e-05,0.0,-2.7259840802529713e-05
M40,2.7270056397691254e-05,0.0,-2.7270056397691254e-05
J60,2.7290484243523848e-05,0.0,-2.7290484243523848e-05
S62,2.7290484243523848e-05,0.0,-2.7290484243523848e-05
T92,2.7337645393458263e-05,0.0,-2.7337645393458263e-05
A89,2.7437423923707337e-05,0.0,-2.7437423923707337e-05
S79,2.756504294408421e-05,0.0,-2.756504294408421e-05
T95,5.31222608834232e-05,2.554017469479491e-05,-2.7582086188628288e-05
T27,5.497896413756429e-05,2.73620269789586e-05,-2.7616937158605687e-05
K64,2.7639839423932905e-05,0.0,-2.7639839423932905e-05
C90,0.004050334767660414,0.004022620163509789,-2.7714604150624357e-05
T45,0.00019478763118310492,0.00016698714532401666,-2.7800485859088257e-05
T53,2.7820280984837948e-05,0.0,-2.7820280984837948e-05
S10,2.7820280984837948e-05,0.0,-2.7820280984837948e-05
E80,2.7820280984837948e-05,0.0,-2.7820280984837948e-05
R50,2.7820280984837948e-05,0.0,-2.7820280984837948e-05
J38,2.7820280984837948e-05,0.0,-2.7820280984837948e-05
Q27,2.7820280984837948e-05,0.0,-2.7820280984837948e-05
E00,2.7820280984837948e-05,0.0,-2.7820280984837948e-05
Q22,2.7820280984837948e-05,0.0,-2.7820280984837948e-05
T55,2.8019838045336096e-05,0.0,-2.8019838045336096e-05
T74,2.8019838045336096e-05,0.0,-2.8019838045336096e-05
T49,2.8019838045336096e-05,0.0,-2.8019838045336096e-05
S48,2.8019838045336096e-05,0.0,-2.8019838045336096e-05
B91,2.8019838045336096e-05,0.0,-2.8019838045336096e-05
L26,2.8019838045336096e-05,0.0,-2.8019838045336096e-05
L63,2.8019838045336096e-05,0.0,-2.8019838045336096e-05
M25,2.8019838045336096e-05,0.0,-2.8019838045336096e-05
E20,2.8019838045336096e-05,0.0,-2.8019838045336096e-05
D42,5.3306867987730364e-05,2.472000320114089e-05,-2.8586864786589473e-05
B02,5.3871401637888915e-05,2.4993393699025566e-05,-2.887800793886335e-05
G37,0.00011659065995368355,8.733020076602577e-05,-2.9260459187657774e-05
T28,5.440290949708394e-05,2.472000320114089e-05,-2.968290629594305e-05
I87,9.161989237089459e-05,6.179002607123086e-05,-2.9829866299663734e-05
I60,0.0020705046958702424,0.0020393650518668086,-3.113964400343382e-05
D84,5.7643554659544324e-05,2.6451100836876756e-05,-3.1192453822667565e-05
T88,5.86224768091815e-05,2.73620269789586e-05,-3.12604498302229e-05
A16,5.691051935409015e-05,2.554017469479491e-05,-3.137034465929524e-05
T85,5.358584362369016e-05,2.2077979423323178e-05,-3.1507864200366984e-05
E05,0.0002049474136172821,0.000173252909806919,-3.169450381036311e-05
I40,6.406013320276565e-05,3.235272017346662e-05,-3.170741302929903e-05
A32,5.443759294074519e-05,2.2077979423323178e-05,-3.235961351742201e-05
T91,3.3058607510919935e-05,0.0,-3.3058607510919935e-05
T18,3.315182933973644e-05,0.0,-3.315182933973644e-05
S73,3.34416657383567e-05,0.0,-3.34416657383567e-05
D32,0.00022260349069313368,0.00018875119501374598,-3.38522956793877e-05
T87,5.858675471972678e-05,2.472000320114089e-05,-3.386675151858589e-05
T82,7.65697021130474e-05,4.262746092361007e-05,-3.394224118943733e-05
I09,6.085448651838769e-05,2.554017469479491e-05,-3.531431182359278e-05
E88,9.446534737257215e-05,5.910746305770399e-05,-3.535788431486816e-05
J32,3.551176661583327e-05,0.0,-3.551176661583327e-05
M80,0.0001163385738108313,8.057815838630594e-05,-3.5760415424525356e-05
K51,0.00038123984253285985,0.00034540309648866736,-3.583674604419249e-05
S13,3.6225209606997415e-05,0.0,-3.6225209606997415e-05
K59,0.00010211625418115992,6.585950543742381e-05,-3.6256748743736106e-05
C33,0.00010511252455208011,6.87749197131262e-05,-3.6337604838953906e-05
T90,0.0001290463073432968,9.255374522270931e-05,-3.649256212058748e-05
T01,3.659115110093555e-05,0.0,-3.659115110093555e-05
M50,3.805405359210596e-05,0.0,-3.805405359210596e-05
K83,0.001020244449900038,0.0009813128873448612,-3.893156255517678e-05
D13,6.279311528397951e-05,2.3809077059059046e-05,-3.898403822492047e-05
S65,6.106361999113845e-05,2.2077979423323178e-05,-3.898564056781527e-05
M00,0.00017554223757153533,0.0001364562774347137,-3.908596013682162e-05
S06,0.0048120803887115,0.004772088692392942,-3.9991696318558007e-05
M60,4.045380148761803e-05,0.0,-4.045380148761803e-05
I81,8.061637482817226e-05,4.0132114326356055e-05,-4.0484260501816205e-05
K12,4.053019377271446e-05,0.0,-4.053019377271446e-05
B90,4.065788961974753e-05,0.0,-4.065788961974753e-05
G09,6.802499095485058e-05,2.73620269789586e-05,-4.0662963975891974e-05
A01,4.133342927812732e-05,0.0,-4.133342927812732e-05
T83,4.1649758446600955e-05,0.0,-4.1649758446600955e-05
M86,0.00014856171422379037,0.00010672561717582208,-4.183609704796829e-05
I01,7.711916548546721e-05,3.4848066770720635e-05,-4.227109871474658e-05
N71,6.939410260965422e-05,2.6451100836876756e-05,-4.2943001772777467e-05
C95,0.0006547476579339408,0.0006113513330886659,-4.3396324845274936e-05
S52,7.123472574297405e-05,2.554017469479491e-05,-4.569455104817913e-05
B22,4.594362189180361e-05,0.0,-4.594362189180361e-05
K25,0.0018605005212646898,0.0018141014177083525,-4.639910355633725e-05
J90,0.0001496836768312791,0.00010294949217075652,-4.673418466052258e-05
E42,4.791613133801874e-05,0.0,-4.791613133801874e-05
G82,0.00015948457176490636,0.00011116952937456077,-4.831504239034559e-05
K71,0.00024778422016852005,0.00019927936239853136,-4.8504857769988686e-05
C81,0.00043439224933455146,0.0003845683621408057,-4.982388719374577e-05
S01,0.0001078714367196475,5.783697233612566e-05,-5.0034464383521846e-05
C72,0.00019700207439587026,0.0001455164499954147,-5.148562440045556e-05
R96,0.0001820947907400157,0.0001305044426854052,-5.159034805461051e-05
K86,0.00031452029378964397,0.0002622839566592047,-5.223633713043928e-05
D30,5.230125523012552e-05,0.0,-5.230125523012552e-05
S87,5.230125523012552e-05,0.0,-5.230125523012552e-05
R65,5.230125523012552e-05,0.0,-5.230125523012552e-05
M45,5.2655442745488055e-05,0.0,-5.2655442745488055e-05
B19,5.304054950009282e-05,0.0,-5.304054950009282e-05
F04,5.304054950009282e-05,0.0,-5.304054950009282e-05
L04,5.31222608834232e-05,0.0,-5.31222608834232e-05
J30,8.056502940623573e-05,2.73620269789586e-05,-5.320300242727713e-05
G95,0.00012163385973090278,6.822813871735685e-05,-5.340572101354593e-05
B59,5.3519482907920236e-05,0.0,-5.3519482907920236e-05
S19,5.3531057363425235e-05,0.0,-5.3531057363425235e-05
N03,5.371335011861949e-05,0.0,-5.371335011861949e-05
M79,5.378798754017548e-05,0.0,-5.378798754017548e-05
S11,5.383926115541446e-05,0.0,-5.383926115541446e-05
T09,5.3918997831442854e-05,0.0,-5.3918997831442854e-05
S69,5.405259317315748e-05,0.0,-5.405259317315748e-05
S25,0.00020985371602230836,0.00015549783638443075,-5.435587963787761e-05
M34,8.736847062085494e-05,3.235272017346662e-05,-5.501575044738832e-05
Q85,5.5640561969675895e-05,0.0,-5.5640561969675895e-05
C96,0.00031217674074734264,0.0002555924173784368,-5.6584323368905857e-05
F05,0.000139602799367701,8.255697553726654e-05,-5.704582383043446e-05
E68,8.096986040668687e-05,2.3809077059059046e-05,-5.716078334762783e-05
T84,0.00020999290791557016,0.00015226849237513453,-5.772441554043563e-05
K29,0.00019575036584450553,0.00013706356152943494,-5.868680431507059e-05
S26,0.00012730116549283845,6.585950543742381e-05,-6.144166005541463e-05
L02,0.00022864744243562108,0.00016692664222506476,-6.172080021055632e-05
T58,0.00020199936375372624,0.0001390783373492887,-6.292102640443754e-05
C22,0.006234969039862049,0.006171718739538375,-6.325030032367472e-05
T75,0.0005958347511801663,0.0005325139485151053,-6.3320802665061e-05
N13,0.0004650610068208081,0.0004005015832791303,-6.455942354167781e-05
I89,6.747130758919198e-05,0.0,-6.747130758919198e-05
T07,0.0002525545863669641,0.0001841349346517837,-6.84196517151804e-05
I77,0.00017705680218250855,0.00010617883618005273,-7.087796600245582e-05
A15,0.00013749863211631497,6.646678953214505e-05,-7.103184258416992e-05
Q21,0.00011399155037907628,4.147339583311949e-05,-7.25181545459568e-05
I15,0.0001388220937594351,6.531272444165448e-05,-7.350936931778061e-05
C84,0.0003695411240727555,0.00029518345782844065,-7.435766624431486e-05
J14,9.661072555505184e-05,2.2077979423323178e-05,-7.453274613172866e-05
E64,0.00023519878669403817,0.00015908103785380626,-7.61177488402319e-05
S22,0.0005190807881578814,0.0004411861857206729,-7.789460243720853e-05
I84,7.942180922881423e-05,0.0,-7.942180922881423e-05
T24,7.956082425013923e-05,0.0,-7.956082425013923e-05
I45,0.00014506987389720796,6.52522213427026e-05,-7.981765255450537e-05
S02,0.00021019738210827348,0.00012958322885709013,-8.061415325118335e-05
D33,0.0001877860491890627,0.00010489347720542519,-8.28925719836375e-05
K43,0.0005761873456348183,0.0004928019018671975,-8.33854437676208e-05
T29,0.0001293849784634874,4.5887056482382224e-05,-8.349792198110517e-05
T79,0.00018573718690342427,0.00010112763988659283,-8.460954701683144e-05
A03,0.00010810518634631496,2.2077979423323178e-05,-8.602720692299178e-05
C41,0.00034254298158929513,0.00025521798454589107,-8.732499704340406e-05
A09,0.0006897310101776423,0.0006013493713271833,-8.838163885045898e-05
L89,0.0013699313061593115,0.001276445003207982,-9.348630295132943e-05
N12,0.0001844892421178883,9.085289913644938e-05,-9.363634298143891e-05
I36,0.00043714069759145545,0.0003338624455837616,-0.00010327825200769384
J15,0.002248458113551415,0.0021428008219343824,-0.00010565729161703249
N20,0.00024721440586464094,0.0001409001896334524,-0.00010631421623118854
S42,0.0003194969126816606,0.00020785325706241492,-0.00011164365561924569
C73,0.000938804431795684,0.0008233345726162256,-0.00011546985917945836
C70,0.00024698534814950057,0.00013085830014548448,-0.0001161270480040161
I62,0.0009708242867248872,0.0008523974456814441,-0.00011842684104344315
R02,0.0001307531380753138,0.0,-0.0001307531380753138
E41,0.0006214658040411256,0.0004894413604396106,-0.000132024443601515
C24,0.004004050794125051,0.0038487200418816626,-0.0001553307522433882
E14,0.0006988299152661879,0.0005426277553408596,-0.00015620215992532833
K52,0.0005907530908241403,0.00042987838607794264,-0.00016087470474619763
K26,0.0016512840746094545,0.0014811202582264208,-0.00017016381638303374
I74,0.0015769117146279417,0.0014009051184338261,-0.0001760065961941156
I31,0.00032387498576735537,0.00014029290553873116,-0.0001835820802286242
T17,0.0010936905602167812,0.0009035177227975194,-0.00019017283741926182
K81,0.0006731973343707618,0.00048296209704855173,-0.00019023523732221009
C85,0.0017566863618696312,0.001545632775037664,-0.00021105358683196724
I06,0.00054037099101578,0.00031694750751817005,-0.00022342348349761
D46,0.0018916656303256368,0.0016658716381065576,-0.0002257939922190792
J40,0.0004288290261613394,0.0002017084987774163,-0.0002271205273839231
T14,0.00041378469526780974,0.00018522849664332237,-0.00022855619862448737
J41,0.00037945165531798905,0.0001481385099099897,-0.00023131314540799936
N30,0.0006934396419127463,0.0004613098924230942,-0.00023212974948965206
C77,0.00023535564853556485,0.0,-0.00023535564853556485
T94,0.0002814549992041071,3.65791644064565e-05,-0.0002448758347976506
K65,0.00152523453727981,0.0012794003452101697,-0.00024583419206964025
I51,0.00178317207866176,0.0015267635642511705,-0.0002564085144105895
K80,0.002008688626468853,0.0017394043997520162,-0.000269284226716837
I20,0.0006927510643236023,0.0004228934924360472,-0.00026985757188755514
N11,0.0005753945519212012,0.00030029515722085245,-0.0002750993947003488
K57,0.0022072043733485994,0.001923409167072264,-0.0002837952062763353
C55,0.0018975546604509772,0.0016130812814970756,-0.0002844733789539016
I05,0.0009261158026748747,0.0006328619561437532,-0.0002932538465311215
A04,0.0023027980752936906,0.002000899563019644,-0.00030189851227404663
G93,0.001077760078388309,0.0007737827211496722,-0.00030397735723863676
B17,0.0003356797979078791,2.554017469479491e-05,-0.0003101396232130842
J11,0.000524825666255278,0.00019787187067339887,-0.0003269537955818791
I08,0.0016042975724083603,0.0012767383575691094,-0.0003275592148392508
T06,0.0009663735329931424,0.0006157746699149381,-0.0003505988630782043
T71,0.0011208309815305577,0.0007424424844963258,-0.0003783884970342319
B94,0.00044994002584142326,3.575899291280248e-05,-0.0004141810329286208
C56,0.011431048984771075,0.010986241969319237,-0.0004448070154518379
C54,0.006454947649501057,0.006007230394825827,-0.00044771725467522994
C26,0.001545914969009562,0.0010834827472576728,-0.00046243222175188924
J42,0.0008583904117143284,0.0003742936213906622,-0.0004840967903236662
C50,0.028651977692785786,0.028155771005414342,-0.0004962066873714435
T81,0.000699294876707198,0.00018998633857565488,-0.0005093085381315431
J20,0.0017784295111619105,0.0012598633472300034,-0.0005185661639319071
I24,0.0023595843131349508,0.001809687242015712,-0.0005498970711192387
C79,0.000653765690376569,0.0,-0.000653765690376569
C91,0.0028482485693542454,0.0021923732487734026,-0.0006558753205808429
I27,0.0024356764890132864,0.0017562382593461895,-0.0006794382296670968
C53,0.004331182104994223,0.003470539673440111,-0.0008606424315541119
C19,0.0034263433253992866,0.00250791326456644,-0.0009184300608328466
K55,0.003093096216651187,0.0021720360431628245,-0.0009210601734883626
I34,0.002617480595677601,0.0016881425410655707,-0.0009293380546120304
C64,0.007983205296917803,0.00700436465824474,-0.0009788406386730631
C20,0.006542855605297822,0.00543452953600483,-0.0011083260692929912
C78,0.0011767782426778243,0.0,-0.0011767782426778243
C16,0.008167086899260862,0.006918867724001712,-0.0012482191752591501
C23,0.0050902550553405135,0.003611985421050885,-0.0014782696342896286
I22,0.0014856139480503927,0.0,-0.0014856139480503927
I80,0.003549016744975397,0.002006972403966856,-0.0015420443410085406
I69,0.009381396152300842,0.007757247516557695,-0.001624148635743147
C18,0.018601022479812872,0.016428645623182976,-0.0021723768566298957
I61,0.012900905150012926,0.010639361716872853,-0.0022615434331400737
S72,0.008870019677777015,0.0056884930246347935,-0.0031815266531422214
I46,0.0071067942827560794,0.0029440390928600207,-0.004162755189896059
C97,0.004471757322175732,0.0,-0.004471757322175732
I26,0.012318687086700158,0.007403836658754933,-0.0049148504279452245
E10,0.008910510684700957,0.0034323149739703064,-0.005478195710730651
I63,0.03287466470057872,0.023246865270098175,-0.009627799430480543
I67,0.021737331482026532,0.00885474791694083,-0.012882583565085702
I70,0.02607107229569696,0.011187173281875603,-0.014883899013821358
I64,0.028726799010797194,0.009723454239611592,-0.0190033447711856
I21,0.04401925222815246,0.020329788734020568,-0.02368946349413189
I25,0.19070702603917927,0.12308312936485084,-0.06762389667432843
