country,wave,r2_fit,fit_tier,week_start,week_end,n_weekly_observations,n_week_intervals,span_calendar_days,slope_ols_deaths_per_million_per_week,slope_secant_delta_over_n_minus_1,delta_cumulative
Afghanistan,1,0.9963355041398901,primary,2020-06-07,2020-07-26,8,7,49,3.3201547619047616,3.2354285714285713,22.648
Afghanistan,2,0.9951907797830043,primary,2020-11-29,2021-01-03,6,5,35,2.3362,2.3116,11.558
Afghanistan,3,0.9979322843528899,primary,2021-06-20,2021-07-18,5,4,28,12.627300000000002,12.475750000000001,49.903000000000006
Africa,1,0.9970462010287053,primary,2020-06-21,2020-09-06,12,11,77,1.5584685314685311,1.499272727272727,16.491999999999997
Africa,2,0.995899275253691,primary,2020-11-22,2020-12-20,5,4,28,1.5943000000000005,1.606250000000001,6.425000000000004
Africa,3,0.9948040495638604,primary,2020-12-27,2021-01-24,5,4,28,3.8863,3.8465000000000007,15.386000000000003
Africa,4,0.993463635812637,primary,2021-01-31,2021-07-04,23,22,154,1.5567332015810276,1.7505454545454546,38.512
Africa,5,0.9946164282416919,primary,2021-07-11,2021-09-12,10,9,63,4.11120606060606,3.9934444444444446,35.941
Africa,6,0.9931773829270171,primary,2021-09-19,2021-10-10,4,3,21,1.6455000000000013,1.6430000000000007,4.929000000000002
Africa,7,0.9966184221585317,primary,2022-01-09,2022-03-06,9,8,56,1.7203833333333336,1.6694999999999993,13.355999999999995
Albania,1,0.997536298466189,primary,2020-08-02,2020-09-20,8,7,49,9.910702380952381,9.902285714285714,69.316
Albania,2,0.992203969912959,primary,2020-11-15,2021-01-03,8,7,49,31.024857142857144,29.35342857142857,205.474
Albania,3,0.9948467144619357,primary,2021-01-31,2021-03-28,9,8,56,39.126066666666674,36.868625,294.949
Albania,4,0.9924676577389664,primary,2021-10-03,2021-12-12,11,10,70,15.306845454545464,15.030300000000011,150.3030000000001
Albania,5,0.9943918387999736,primary,2022-01-16,2022-02-27,7,6,42,11.986357142857132,11.670666666666648,70.02399999999989
Algeria,1,0.998481574531776,primary,2020-06-21,2020-09-20,14,13,91,1.4660219780219779,1.4174615384615383,18.427
Algeria,2,0.9937010020316817,primary,2020-11-01,2020-12-20,8,7,49,2.310476190476191,2.1832857142857143,15.283000000000001
Algeria,3,0.9953885827916862,primary,2021-06-20,2021-07-11,4,3,21,1.4513999999999996,1.4659999999999986,4.397999999999996
Algeria,4,0.9931325188318401,primary,2021-07-18,2021-09-19,10,9,63,4.566230303030304,4.270666666666667,38.43600000000001
Algeria,5,0.9942179222772378,primary,2022-01-16,2022-02-27,7,6,42,1.6052857142857135,1.5539999999999974,9.323999999999984
Andorra,1,0.9925558901662818,primary,2020-04-19,2020-05-17,5,4,28,50.174199999999985,50.17424999999999,200.69699999999995
Andorra,2,0.9952231320603226,primary,2021-01-10,2021-02-07,5,4,28,62.71800000000003,62.71800000000002,250.87200000000007
Andorra,3,0.9925804768108076,primary,2021-12-26,2022-02-27,10,9,63,17.40897575757576,16.724777777777792,150.52300000000014
Angola,1,0.9926635358736562,primary,2021-08-22,2021-10-17,9,8,56,1.9447833333333335,1.8311250000000001,14.649000000000001
Argentina,1,0.992282077290343,primary,2020-07-12,2020-12-06,22,21,147,45.51,41.30495238095238,867.404
Argentina,2,0.9939683068425791,primary,2021-01-17,2021-03-07,8,7,49,20.89179761904764,21.349285714285738,149.44500000000016
Argentina,3,0.9925733432453254,primary,2021-04-11,2021-07-11,14,13,91,75.39982197802196,71.39046153846154,928.076
Armenia,1,0.995219882367822,primary,2020-05-31,2020-08-09,11,10,70,23.80900909090909,22.9097,229.097
Armenia,2,0.9925964767587365,primary,2020-10-11,2021-01-03,13,12,84,58.164769230769224,52.93516666666667,635.222
Armenia,3,0.9932433455505786,primary,2021-03-14,2021-05-23,11,10,70,41.881099999999996,39.46709999999998,394.6709999999998
Armenia,4,0.9933864654388342,primary,2021-10-03,2021-12-05,10,9,63,95.51990303030306,89.13155555555555,802.184
Australia,1,0.9968817971125545,primary,2020-08-02,2020-08-30,5,4,28,4.4350000000000005,4.3415,17.366
Australia,2,0.9935265189388078,primary,2022-01-16,2022-02-13,5,4,28,22.689799999999998,22.394,89.576
Austria,1,0.9921929254178352,primary,2020-11-01,2021-01-10,11,10,70,79.92362727272727,73.6485,736.485
Austria,2,0.9932993764037527,primary,2021-01-17,2021-02-14,5,4,28,38.19229999999999,37.97725,151.909
Austria,3,0.9956847290725096,primary,2021-03-21,2021-05-09,8,7,49,25.205130952380962,24.601000000000017,172.2070000000001
Austria,4,0.9950791459143065,primary,2021-11-07,2021-12-19,7,6,42,45.76235714285714,43.55733333333334,261.34400000000005
Austria,5,0.9933879862671137,primary,2022-01-30,2022-03-27,9,8,56,22.760483333333323,22.68424999999999,181.47399999999993
Azerbaijan,1,0.9923837921699931,primary,2020-06-07,2020-08-16,11,10,70,4.447727272727273,4.0989,40.989000000000004
Azerbaijan,2,0.9974783461142326,primary,2020-08-23,2020-09-27,6,5,35,1.3987999999999994,1.3793999999999997,6.8969999999999985
Azerbaijan,3,0.992886620559047,primary,2020-11-15,2021-01-17,10,9,63,24.028036363636364,22.189222222222227,199.70300000000003
Azerbaijan,4,0.9990900879153605,primary,2021-04-04,2021-05-02,5,4,28,21.7866,21.61175,86.447
Azerbaijan,5,0.9941466081300544,primary,2021-08-22,2021-09-26,6,5,35,23.047971428571415,22.417999999999985,112.08999999999992
Azerbaijan,6,0.9926835696983265,primary,2021-10-31,2021-12-19,8,7,49,16.02554761904761,15.721428571428564,110.04999999999995
Azerbaijan,7,0.9967703836936255,primary,2022-01-30,2022-03-06,6,5,35,16.040714285714284,15.541200000000003,77.70600000000002
Bahamas,1,0.9929173938499931,primary,2020-08-23,2020-11-15,13,12,84,27.504054945054946,26.831416666666666,321.977
Bahamas,2,0.9929162122009036,primary,2021-05-23,2021-07-11,8,7,49,10.42115476190476,10.421142857142854,72.94799999999998
Bahamas,3,0.9921657562839232,primary,2021-09-05,2021-10-17,7,6,42,83.9977857142857,84.68649999999998,508.1189999999999
Bahrain,1,0.9930214927575062,primary,2020-06-21,2020-08-09,8,7,49,9.277214285714285,9.409142857142857,65.864
Bahrain,2,0.9923290905711705,primary,2020-09-27,2020-11-01,6,5,35,11.030199999999997,10.694799999999997,53.47399999999999
Bahrain,3,0.992100115719286,primary,2021-05-23,2021-06-20,5,4,28,81.05859999999998,79.55874999999997,318.2349999999999
Bangladesh,1,0.9978231673905443,primary,2020-06-14,2020-10-04,17,16,112,1.560325980392157,1.54125,24.66
Bangladesh,2,0.9968020767310345,primary,2020-12-06,2020-12-27,4,3,21,1.2218000000000004,1.2080000000000009,3.6240000000000023
Bangladesh,3,0.9938784585356244,primary,2021-07-25,2021-08-22,5,4,28,9.018000000000004,8.867500000000003,35.47000000000001
Barbados,1,1.0,primary,2020-04-12,2020-05-03,4,3,21,3.5420000000000003,3.5420000000000003,10.626000000000001
Barbados,2,0.9943327325664727,primary,2021-09-26,2021-12-12,12,11,77,63.484062937062944,60.53645454545454,665.901
Belarus,1,0.9993699778946652,primary,2021-08-29,2022-03-20,30,29,203,11.580853170189098,11.168137931034483,323.87600000000003
Belgium,1,0.9952595653950758,primary,2020-03-29,2020-04-26,5,4,28,142.22859999999997,137.4355,549.742
Belgium,2,0.9924262913551885,primary,2020-10-25,2020-12-06,7,6,42,98.42596428571427,94.07183333333334,564.431
Belgium,3,0.9942432097774635,primary,2021-03-21,2021-05-23,10,9,63,21.333236363636377,20.10000000000001,180.9000000000001
Belgium,4,0.9924249914051926,primary,2021-10-31,2022-03-27,22,21,147,19.270111801242237,18.562000000000005,389.80200000000013
Belize,1,0.9930778764292537,primary,2020-11-08,2021-01-10,10,9,63,57.57515757575757,56.281,506.529
Belize,2,0.9924764256671988,primary,2021-09-12,2021-12-12,14,13,91,43.80966373626374,40.68269230769231,528.875
Bolivia,1,0.9985657863959593,primary,2020-07-12,2020-09-06,9,8,56,38.23061666666668,37.684875000000005,301.47900000000004
Bolivia,2,0.9931935866490876,primary,2020-09-13,2020-10-18,6,5,35,19.697171428571416,19.689999999999987,98.44999999999993
Bolivia,3,0.995135406303709,primary,2021-01-17,2021-02-21,6,5,35,31.379199999999987,30.12299999999998,150.6149999999999
Bolivia,4,0.9905863399144895,fallback≥0.99,2021-02-28,2021-03-28,5,4,28,10.9298,11.054000000000002,44.21600000000001
Bolivia,5,0.9944583170757181,primary,2021-05-09,2021-07-11,10,9,63,39.40472121212121,36.71766666666667,330.45900000000006
Bolivia,6,0.9921209408203268,primary,2022-01-02,2022-02-06,6,5,35,24.459371428571448,23.548600000000032,117.74300000000017
Bosnia and Herzegovina,1,0.9969734855763376,primary,2020-07-26,2020-09-13,8,7,49,18.68842857142857,18.053285714285714,126.37299999999999
Bosnia and Herzegovina,2,0.9988912213314505,primary,2020-09-20,2020-10-18,5,4,28,17.4737,17.473750000000003,69.89500000000001
Bosnia and Herzegovina,3,0.9935619733123422,primary,2020-10-25,2021-01-10,12,11,77,98.99032867132867,91.73718181818184,1009.1090000000002
Bosnia and Herzegovina,4,0.9927215824349404,primary,2021-03-07,2021-05-02,9,8,56,137.9698833333333,129.259,1034.072
Bosnia and Herzegovina,5,0.9971898085589209,primary,2021-08-29,2022-03-13,29,28,196,68.17672167487686,65.00285714285714,1820.08
Botswana,1,0.9934524299468959,primary,2021-01-31,2021-04-18,12,11,77,21.848356643356645,20.306363636363635,223.36999999999998
Botswana,2,0.9971581188800401,primary,2021-07-18,2021-08-22,6,5,35,71.05680000000001,69.10120000000002,345.5060000000001
Brazil,1,0.992543927964407,primary,2020-05-03,2020-11-01,27,26,182,30.131771672771674,28.008230769230767,728.2139999999999
Brazil,2,0.9931076797181069,primary,2020-11-22,2020-12-20,5,4,28,20.22629999999999,20.252749999999992,81.01099999999997
Brazil,3,0.9999872486365454,primary,2021-01-24,2021-02-21,5,4,28,35.123699999999985,35.09424999999999,140.37699999999995
Brazil,4,0.9924465364324224,primary,2021-02-28,2021-07-11,20,19,133,73.2815180451128,69.78615789473685,1325.9370000000001
Brazil,5,0.9922528882064038,primary,2022-01-30,2022-03-06,6,5,35,24.918714285714277,24.127599999999983,120.63799999999992
Brunei,1,0.9968521867256045,primary,2021-08-29,2021-10-17,8,7,49,12.757714285714288,12.54857142857143,87.84
Bulgaria,1,0.9922247805285327,primary,2020-11-15,2021-01-03,8,7,49,121.54219047619046,116.21757142857142,813.5229999999999
Bulgaria,2,0.9926567216504668,primary,2021-02-21,2021-05-09,12,11,77,101.72127622377623,94.06727272727272,1034.74
Bulgaria,3,0.9925285333175118,primary,2021-09-19,2021-10-24,6,5,35,88.76742857142857,89.30739999999996,446.5369999999998
Bulgaria,4,0.9925606335034431,primary,2021-11-14,2022-03-13,18,17,119,83.18964189886479,85.25529411764704,1449.3399999999997
Cambodia,1,0.9923005012927747,primary,2021-07-11,2021-08-08,5,4,28,9.499,9.592000000000002,38.36800000000001
Cameroon,1,0.9985454475063578,primary,2021-03-21,2021-05-02,7,6,42,2.557785714285714,2.5513333333333335,15.308
Canada,1,0.9951511138083078,primary,2020-04-19,2020-05-24,6,5,35,26.16031428571429,25.378000000000004,126.89000000000001
Canada,2,0.9936996178046495,primary,2020-11-22,2021-02-21,14,13,91,21.733975824175822,20.084153846153843,261.09399999999994
Canada,3,0.9971730667806014,primary,2022-01-16,2022-02-13,5,4,28,25.65089999999999,25.308249999999987,101.23299999999995
Canada,4,0.9944323609762178,primary,2022-02-20,2022-03-20,5,4,28,10.553600000000017,10.439000000000021,41.756000000000085
Cape Verde,1,0.9912014563106796,fallback≥0.99,2020-09-27,2020-10-25,5,4,28,19.0476,18.278,73.112
Cape Verde,2,0.9924244213974659,primary,2021-04-04,2021-05-23,8,7,49,24.393571428571423,23.362857142857138,163.53999999999996
Cape Verde,3,0.9943843309135736,primary,2021-09-05,2021-10-10,6,5,35,12.09371428571428,11.9288,59.644000000000005
Chile,1,0.9920455779800978,primary,2020-05-31,2020-07-26,9,8,56,53.07021666666667,51.29,410.32
Chile,2,0.9944782564689555,primary,2020-12-27,2021-08-29,36,35,245,32.73258764478764,29.863114285714282,1045.2089999999998
Chile,3,0.9948121176707787,primary,2021-12-05,2022-01-02,5,4,28,8.781300000000034,8.63050000000004,34.52200000000016
Chile,4,0.9959932650261145,primary,2022-02-06,2022-03-20,7,6,42,40.05775000000002,38.44250000000003,230.6550000000002
Colombia,1,0.9937182532794424,primary,2020-06-28,2021-03-21,39,38,266,30.48425890688259,29.989210526315794,1139.5900000000001
Colombia,2,0.9924090242404687,primary,2021-04-25,2021-08-15,17,16,112,68.89211519607844,63.752812500000005,1020.0450000000001
Colombia,3,0.992597939622661,primary,2022-01-23,2022-02-20,5,4,28,29.5605,29.209749999999985,116.83899999999994
Comoros,1,0.9978775837459218,primary,2021-01-24,2021-02-21,5,4,28,22.057100000000002,21.87725,87.509
Congo,1,0.9923859851973464,primary,2021-10-17,2021-11-21,6,5,35,4.1044857142857145,3.9104,19.552
Costa Rica,1,0.9967229970192805,primary,2020-08-02,2021-02-28,31,30,210,18.704934677419356,17.38243333333333,521.473
Costa Rica,2,0.9945570325191974,primary,2021-05-09,2021-06-27,8,7,49,35.49336904761905,34.774142857142856,243.41899999999998
Costa Rica,3,0.9981351525687407,primary,2021-07-04,2021-08-08,6,5,35,17.024371428571435,17.23800000000001,86.19000000000005
Costa Rica,4,0.9927118297363234,primary,2021-08-22,2021-10-31,11,10,70,36.69452727272727,33.7875,337.875
Costa Rica,5,0.992002042993086,primary,2022-01-30,2022-03-13,7,6,42,21.01342857142857,20.563666666666677,123.38200000000006
Croatia,1,0.9900005069395553,fallback≥0.99,2020-04-12,2020-05-10,5,4,28,4.3512,4.22325,16.893
Croatia,2,0.992721048982139,primary,2020-11-22,2021-01-17,9,8,56,111.23538333333333,105.06699999999998,840.5359999999998
Croatia,3,0.9927107289375422,primary,2021-03-28,2021-05-30,10,9,63,65.5911212121212,60.574444444444424,545.1699999999998
Croatia,4,0.9934595427279419,primary,2021-11-07,2022-03-06,18,17,119,86.22623323013416,86.48058823529412,1470.17
Cuba,1,0.9921611624182147,primary,2021-07-04,2021-10-17,16,15,105,44.87959558823529,40.386399999999995,605.7959999999999
Curacao,1,0.991061817363882,fallback≥0.99,2021-03-28,2021-04-25,5,4,28,100.3502,97.113,388.452
Curacao,2,0.9960995625405716,primary,2021-08-15,2021-09-12,5,4,28,28.594499999999993,28.324749999999995,113.29899999999998
Curacao,3,0.9949232559913008,primary,2021-12-12,2022-01-09,5,4,28,15.106500000000016,14.836750000000023,59.347000000000094
Cyprus,1,0.9941332144533683,primary,2020-12-13,2021-02-14,10,9,63,12.654957575757575,12.184555555555555,109.66099999999999
Cyprus,2,0.9960702980639531,primary,2021-08-01,2021-09-12,7,6,42,15.397678571428575,14.897,89.382
Cyprus,3,0.992703053925235,primary,2022-01-02,2022-03-20,12,11,77,20.518769230769234,19.25554545454545,211.81099999999998
Czechia,1,0.9917441274812657,fallback≥0.99,2020-04-12,2020-05-03,4,3,21,3.626,3.5916666666666663,10.774999999999999
Czechia,2,0.9939335555368013,primary,2020-11-01,2021-05-09,28,27,189,96.18429173508484,91.68674074074073,2475.542
Czechia,3,0.9936491223179329,primary,2021-11-07,2022-01-02,9,8,56,65.71906666666668,61.450625,491.605
Czechia,4,0.9976882987299796,primary,2022-02-06,2022-03-06,5,4,28,33.523,33.307500000000005,133.23000000000002
Denmark,1,0.9935169312123463,primary,2020-12-20,2021-02-07,8,7,49,30.53780952380953,28.79928571428571,201.59499999999997
Denmark,2,0.9924947285806418,primary,2022-01-30,2022-03-27,9,8,56,41.595416666666665,39.5145,316.116
Dominican Republic,1,0.9972836217622435,primary,2020-08-02,2020-09-20,8,7,49,11.409035714285714,11.117571428571429,77.82300000000001
Ecuador,1,0.9960233390009825,primary,2020-06-21,2020-08-02,7,6,42,14.607142857142858,14.372,86.232
Ecuador,2,0.9946195125448533,primary,2020-10-11,2020-11-08,5,4,28,8.690499999999975,8.794249999999977,35.17699999999991
Ecuador,3,0.9952393430805951,primary,2021-01-24,2021-04-18,13,12,84,13.769016483516484,14.236500000000007,170.83800000000008
Ecuador,4,0.9922462082753913,primary,2021-05-23,2021-07-04,7,6,42,13.927821428571415,13.838999999999979,83.03399999999988
Ecuador,5,0.9977883763829488,primary,2021-08-01,2021-08-29,5,4,28,8.30909999999999,8.303499999999985,33.21399999999994
Ecuador,6,0.9912001100747443,fallback≥0.99,2022-01-23,2022-02-20,5,4,28,12.505600000000005,12.006250000000023,48.02500000000009
Egypt,1,0.9930301095767571,primary,2020-06-07,2020-07-26,8,7,49,4.536607142857143,4.262142857142857,29.835
Egypt,2,0.9910481848717153,fallback≥0.99,2020-08-02,2020-08-23,4,3,21,1.2218999999999993,1.210666666666666,3.631999999999998
Egypt,3,0.9977341978763932,primary,2020-12-20,2021-07-11,30,29,203,2.9294211345939933,2.8518620689655165,82.70399999999998
Egypt,4,0.994396871467784,primary,2021-10-03,2022-01-02,14,13,91,3.2107252747252746,2.984230769230768,38.79499999999999
Egypt,5,0.9930556265114706,primary,2022-01-23,2022-02-27,6,5,35,3.072085714285715,2.9516000000000018,14.75800000000001
El Salvador,1,0.9969595405003171,primary,2020-07-12,2020-08-30,8,7,49,10.50897619047619,10.327,72.289
El Salvador,2,0.9967802962326565,primary,2021-01-03,2021-03-14,11,10,70,9.582563636363638,9.458099999999998,94.58099999999999
El Salvador,3,0.9935765727892748,primary,2021-08-01,2021-11-14,16,15,105,12.100139705882352,11.591733333333332,173.87599999999998
Equatorial Guinea,1,0.9969864038462577,primary,2021-09-12,2021-10-17,6,5,35,3.3583714285714277,3.326599999999999,16.632999999999996
Eritrea,1,0.9940388228322975,primary,2022-01-02,2022-02-06,6,5,35,1.4245428571428569,1.4077999999999995,7.038999999999998
Estonia,1,0.9932941630619618,primary,2020-12-27,2021-05-16,21,20,140,37.29135324675325,34.62725,692.545
Estonia,2,0.9948854645170792,primary,2021-11-28,2022-01-02,6,5,35,21.014485714285737,20.739400000000025,103.69700000000012
Estonia,3,0.9934715772124062,primary,2022-01-30,2022-03-27,9,8,56,37.92335,35.64574999999999,285.16599999999994
Eswatini,1,0.9906604958960027,fallback≥0.99,2020-12-27,2021-02-07,7,6,42,63.287821428571434,60.29916666666666,361.79499999999996
Eswatini,2,0.9923367421574536,primary,2021-07-25,2021-09-05,7,6,42,55.611214285714276,54.282999999999994,325.698
Ethiopia,1,0.9985673710545446,primary,2021-04-11,2021-05-09,5,4,28,1.4602999999999997,1.4455,5.782
Ethiopia,2,0.9988168994485908,primary,2021-09-19,2021-10-17,5,4,28,2.1891999999999996,2.1572499999999994,8.628999999999998
Europe,1,0.9967741225661642,primary,2020-03-29,2020-04-26,5,4,28,34.5242,34.06075,136.243
Europe,2,0.992608119007278,primary,2020-10-18,2021-03-28,24,23,161,43.76469260869565,40.3704347826087,928.52
Europe,3,0.993944552123781,primary,2021-04-04,2021-05-09,6,5,35,29.195571428571455,28.942800000000034,144.71400000000017
Europe,4,0.9933345541660363,primary,2021-10-03,2022-04-03,27,26,182,30.061542735042735,27.858730769230778,724.3270000000002
European Union (27),1,0.9900379293320898,fallback≥0.99,2020-03-29,2020-04-26,5,4,28,37.983000000000004,37.73425,150.937
European Union (27),2,0.9927546137636258,primary,2020-10-18,2021-03-14,22,21,147,50.90806380575946,46.84161904761905,983.674
European Union (27),3,0.9957254569189368,primary,2021-03-21,2021-05-09,8,7,49,35.56721428571429,34.611000000000004,242.27700000000004
European Union (27),4,0.9954601288510204,primary,2021-10-31,2022-04-03,23,22,154,27.34086067193676,25.616409090909098,563.5610000000001
Faroe Islands,1,0.9924267043272242,primary,2022-01-16,2022-02-20,6,5,35,32.78057142857143,33.309400000000004,166.54700000000003
Fiji,1,0.9920235779924214,primary,2021-07-04,2021-08-29,9,8,56,65.33045,61.043375,488.347
Finland,1,0.9973653231253812,primary,2021-10-31,2021-12-12,7,6,42,9.202357142857144,9.127500000000003,54.765000000000015
Finland,2,0.9932774380061893,primary,2021-12-19,2022-03-06,12,11,77,25.570374125874128,26.32936363636364,289.62300000000005
France,1,0.9918751178675863,fallback≥0.99,2020-03-29,2020-04-26,5,4,28,45.064,44.518,178.072
France,2,0.9927952396509396,primary,2020-11-22,2021-03-14,17,16,112,48.661441176470596,48.46181249999999,775.3889999999999
France,3,0.9928221762676519,primary,2021-04-04,2021-05-16,7,6,42,28.627642857142867,28.06850000000001,168.41100000000006
France,4,0.9934094260518916,primary,2021-12-12,2022-03-13,14,13,91,24.673780219780234,22.801384615384624,296.4180000000001
French Guiana,1,0.9915730189802744,fallback≥0.99,2020-07-19,2020-09-06,8,7,49,12.011738095238094,11.971857142857141,83.80299999999998
French Guiana,2,0.9942701557417788,primary,2021-10-10,2021-11-14,6,5,35,23.84808571428571,24.135400000000004,120.67700000000002
French Polynesia,1,0.9933129615756137,primary,2020-10-11,2021-01-10,14,13,91,33.03103076923077,30.72653846153846,399.445
French Polynesia,2,0.9901633351053131,fallback≥0.99,2021-08-15,2021-09-12,5,4,28,338.45829999999995,323.6575,1294.63
Gabon,1,0.9958741369386077,primary,2021-02-28,2021-04-25,9,8,56,2.91405,2.8283750000000003,22.627000000000002
Gabon,2,0.9926242805492099,primary,2021-09-26,2021-11-28,10,9,63,4.869436363636364,4.616777777777778,41.551
Georgia,1,0.9935017533872947,primary,2020-11-15,2021-01-17,10,9,63,67.77567878787879,65.29433333333333,587.649
Georgia,2,0.9927318726414057,primary,2021-04-11,2021-07-18,15,14,98,33.883932142857155,31.50942857142857,441.13199999999995
Georgia,3,0.9938219511371618,primary,2021-07-25,2022-03-27,36,35,245,88.9288290862291,82.5946,2890.811
Germany,1,0.9944770107166833,primary,2020-11-15,2021-01-31,12,11,77,61.722332167832164,57.37072727272728,631.0780000000001
Germany,2,0.9966870613652096,primary,2021-03-21,2021-05-09,8,7,49,17.92485714285715,17.43785714285715,122.06500000000005
Germany,3,0.9925110096327299,primary,2021-10-31,2021-12-26,9,8,56,29.41085,27.382499999999993,219.05999999999995
Germany,4,0.9926894576010686,primary,2022-01-30,2022-04-03,10,9,63,19.556715151515164,18.286777777777793,164.58100000000013
Ghana,1,0.9951063145275652,primary,2021-08-15,2021-09-05,4,3,21,1.4118000000000002,1.3876666666666668,4.163
Greece,1,0.9933110856688241,primary,2020-04-05,2020-04-26,4,3,21,1.7766000000000002,1.8246666666666667,5.474
Greece,2,0.9940529853556912,primary,2020-11-08,2020-12-27,8,7,49,56.20778571428571,52.835,369.845
Greece,3,0.9920087251962427,primary,2021-02-21,2021-06-06,16,15,105,42.257414705882354,38.33219999999999,574.983
Greece,4,0.9988591968929964,primary,2021-08-15,2021-10-10,9,8,56,23.556683333333336,22.977249999999998,183.81799999999998
Greece,5,0.9940436070617925,primary,2021-10-17,2022-04-03,25,24,168,53.248890769230776,47.863208333333326,1148.7169999999999
Guadeloupe,1,0.9941854222940187,primary,2020-11-01,2020-11-29,5,4,28,14.816800000000006,14.946750000000009,59.787000000000035
Guadeloupe,2,0.9902740042166214,fallback≥0.99,2021-08-15,2021-09-12,5,4,28,243.5643,233.9465,935.786
Guadeloupe,3,0.991844129824208,fallback≥0.99,2022-01-23,2022-02-27,6,5,35,40.69928571428567,38.47119999999995,192.35599999999977
Guam,1,0.994057403170983,primary,2020-08-30,2020-12-13,16,15,105,45.02754411764706,43.181799999999996,647.727
Guam,2,0.9931191076779086,primary,2021-09-05,2021-11-14,11,10,70,62.846627272727275,64.77279999999999,647.728
Guam,3,0.9927416292830042,primary,2022-01-23,2022-03-13,8,7,49,53.68896428571429,52.75214285714287,369.2650000000001
Guatemala,1,0.9933342016582932,primary,2020-06-28,2020-08-30,10,9,63,13.244527272727272,12.799444444444445,115.19500000000001
Guatemala,2,0.9923048867480807,primary,2021-01-17,2021-02-28,7,6,42,11.053678571428573,10.776166666666674,64.65700000000004
Guatemala,3,0.9971864023818484,primary,2021-04-25,2021-05-23,5,4,28,8.577999999999998,8.41825,33.673
Guatemala,4,0.996724991281103,primary,2021-06-13,2021-11-28,25,24,168,18.57170076923077,17.45775,418.98600000000005
Guinea,1,0.992489822984706,primary,2021-08-01,2021-08-29,5,4,28,1.8500000000000003,1.8322500000000002,7.329000000000001
Guinea-Bissau,1,0.9965479511298367,primary,2021-08-29,2021-09-26,5,4,28,2.137200000000001,2.1372500000000016,8.549000000000007
Guyana,1,0.993917215421165,primary,2020-09-06,2020-11-08,10,9,63,12.517509090909092,12.035555555555558,108.32000000000002
Guyana,2,0.9947304970281576,primary,2021-03-28,2021-07-25,18,17,119,22.461437564499487,20.976823529411767,356.60600000000005
Guyana,3,0.992465244001052,primary,2021-08-22,2021-10-24,10,9,63,43.49044242424242,40.839888888888886,367.55899999999997
Guyana,4,0.9996537620959393,primary,2021-11-14,2021-12-12,5,4,28,18.499599999999987,18.56049999999999,74.24199999999996
Haiti,1,0.9920681609256117,primary,2021-05-30,2021-07-25,9,8,56,2.6644166666666664,2.510125,20.081
High-income countries,1,0.9930084845846737,primary,2020-03-29,2020-05-10,7,6,42,29.614607142857142,28.701666666666668,172.21
High-income countries,2,0.9924779543158828,primary,2020-05-17,2020-06-14,5,4,28,10.013200000000001,10.113,40.452
High-income countries,3,0.9938682638615159,primary,2020-11-15,2021-03-14,18,17,119,40.01937358101135,37.50670588235294,637.6139999999999
High-income countries,4,0.9924099381449979,primary,2021-04-11,2021-05-16,6,5,35,16.277999999999974,16.214399999999976,81.07199999999989
High-income countries,5,0.9989636746037611,primary,2021-08-22,2021-10-10,8,7,49,14.819666666666665,14.616714285714286,102.31700000000001
High-income countries,6,0.9924222265899663,primary,2021-10-17,2022-04-03,25,24,168,22.101843076923075,20.446124999999995,490.7069999999999
Honduras,1,0.993532193133487,primary,2020-08-02,2020-10-18,12,11,77,10.941416083916083,10.590545454545456,116.49600000000001
Honduras,2,0.995812209032307,primary,2021-01-17,2021-03-28,11,10,70,11.743445454545453,11.391499999999997,113.91499999999996
Honduras,3,0.9959506552960457,primary,2021-04-04,2021-10-31,31,30,210,18.87528790322581,17.896466666666665,536.894
Hungary,1,0.9938459366786647,primary,2020-11-08,2021-01-24,12,11,77,95.20593006993008,89.46054545454545,984.066
Hungary,2,0.9931469472848292,primary,2021-02-28,2021-05-09,11,10,70,152.22750909090908,140.72250000000003,1407.2250000000001
Hungary,3,0.9928982808517043,primary,2021-11-21,2022-01-02,7,6,42,112.50889285714284,110.247,661.482
Hungary,4,0.9980287022995697,primary,2022-02-06,2022-03-06,5,4,28,66.93290000000006,65.69900000000007,262.7960000000003
India,1,0.9922368676042479,primary,2020-06-28,2020-11-15,21,20,140,4.394793506493507,3.9827,79.654
India,2,0.9943779826450323,primary,2020-11-22,2020-12-20,5,4,28,2.1622999999999992,2.1484999999999985,8.593999999999994
India,3,0.9942285388672545,primary,2021-05-02,2021-06-20,8,7,49,17.492119047619052,17.154857142857146,120.08400000000003
Indonesia,1,0.9929681987067572,primary,2021-07-11,2021-08-29,8,7,49,35.71315476190476,33.53757142857143,234.763
Iran,1,0.9910959408702544,fallback≥0.99,2020-03-29,2020-04-26,5,4,28,8.763,8.748999999999999,34.995999999999995
Iran,2,0.9933040209507482,primary,2020-06-28,2020-09-06,11,10,70,13.826718181818183,13.169599999999999,131.696
Iran,3,0.9921434196877578,primary,2020-10-04,2020-12-20,12,11,77,29.421220279720284,27.11509090909091,298.266
Iran,4,0.9943904094866105,primary,2021-04-11,2021-05-23,7,6,42,27.312214285714294,26.341000000000008,158.04600000000005
Iran,5,0.9968248717521129,primary,2021-05-30,2021-07-04,6,5,35,10.74974285714286,10.9154,54.577
Iran,6,0.9923911940227049,primary,2021-08-08,2021-09-26,8,7,49,42.37758333333335,40.849285714285735,285.94500000000016
Iraq,1,0.9937832354578489,primary,2020-06-28,2020-11-08,20,19,133,11.447475939849625,11.492315789473684,218.354
Iraq,2,0.9962474934497899,primary,2021-08-01,2021-09-19,8,7,49,10.305666666666665,10.107142857142858,70.75
Ireland,1,0.9933166821836884,primary,2020-04-05,2020-05-03,5,4,28,55.8903,54.403,217.612
Ireland,2,0.9951758972943553,primary,2021-01-10,2021-02-14,6,5,35,74.71599999999998,71.54579999999999,357.7289999999999
Ireland,3,0.998132852926126,primary,2021-09-19,2022-04-03,29,28,196,12.151067980295565,11.545964285714287,323.28700000000003
Israel,1,0.9904122278403151,fallback≥0.99,2020-04-05,2020-04-26,4,3,21,5.767100000000001,5.639,16.917
Israel,2,0.9947897105033511,primary,2020-09-13,2020-11-01,8,7,49,23.629940476190473,22.346999999999998,156.42899999999997
Israel,3,0.9928605704157483,primary,2020-12-27,2021-02-21,9,8,56,34.235416666666666,31.912,255.296
Israel,4,0.99433681471045,primary,2021-08-15,2021-10-03,8,7,49,18.46814285714285,18.094142857142856,126.65899999999999
Israel,5,0.9937614822861446,primary,2022-01-23,2022-02-20,5,4,28,41.90849999999997,40.39799999999997,161.59199999999987
Italy,1,0.9936445237599798,primary,2020-03-15,2020-04-26,7,6,42,72.53078571428571,69.72883333333333,418.373
Italy,2,0.9930468318303675,primary,2020-11-01,2021-02-07,15,14,98,65.48523928571429,62.76157142857142,878.6619999999999
Italy,3,0.9960440460708458,primary,2021-03-14,2021-05-02,8,7,49,47.18405952380952,45.89128571428572,321.23900000000003
Italy,4,0.9959583472917721,primary,2022-01-09,2022-02-27,8,7,49,38.72135714285713,37.22428571428567,260.5699999999997
Jamaica,1,0.9924324757405147,primary,2021-03-07,2021-07-18,20,19,133,13.118651879699248,13.106210526315792,249.01800000000003
Jamaica,2,0.9928491895524171,primary,2021-08-15,2021-10-31,12,11,77,30.24273076923077,30.226727272727274,332.494
Jamaica,3,0.9927977672421135,primary,2022-01-30,2022-02-27,5,4,28,14.9341,15.145499999999998,60.581999999999994
Japan,1,0.9930960010924519,primary,2020-12-20,2021-03-14,13,12,84,4.085950549450549,3.791416666666666,45.49699999999999
Japan,2,0.996549514505327,primary,2021-03-21,2021-04-18,5,4,28,1.5768000000000015,1.620000000000001,6.480000000000004
Japan,3,0.993544985941654,primary,2021-04-25,2021-06-20,9,8,56,4.803333333333332,4.51,36.08
Japan,4,0.9942086377454901,primary,2021-08-29,2021-09-26,5,4,28,3.1378000000000013,3.072250000000004,12.289000000000016
Jersey,1,0.9935244725276976,primary,2022-02-06,2022-03-13,6,5,35,24.01822857142856,23.189999999999987,115.94999999999993
Jordan,1,0.9954712183730132,primary,2020-10-25,2020-12-13,8,7,49,37.30515476190476,35.47228571428571,248.30599999999998
Jordan,2,0.9941453739989237,primary,2021-03-07,2021-04-25,8,7,49,49.20440476190476,46.48842857142857,325.419
Jordan,3,0.9944355000266247,primary,2021-11-21,2021-12-26,6,5,35,19.643514285714282,19.491200000000003,97.45600000000002
Jordan,4,0.99283856032091,primary,2022-01-02,2022-03-13,11,10,70,11.665418181818183,11.326999999999998,113.26999999999998
Kazakhstan,1,0.9930131186352188,primary,2021-07-18,2021-09-26,11,10,70,40.749981818181816,38.218900000000005,382.189
Kenya,1,0.991477382009905,fallback≥0.99,2020-11-01,2020-11-29,5,4,28,2.1399999999999997,2.069,8.276
Kenya,2,0.9927817692649461,primary,2021-03-28,2021-07-11,16,15,105,2.0279029411764706,1.9870000000000005,29.805000000000007
Kenya,3,0.9970493552290529,primary,2021-08-01,2021-08-29,5,4,28,3.4577000000000013,3.5157500000000006,14.063000000000002
Kenya,4,0.9931340760524106,primary,2021-09-05,2021-09-26,4,3,21,1.9021000000000015,1.953666666666668,5.861000000000004
Kosovo,1,0.9938445674997617,primary,2020-07-19,2020-09-06,8,7,49,37.50317857142858,35.424285714285716,247.97000000000003
Kosovo,2,0.9946203004691144,primary,2020-11-08,2020-12-27,8,7,49,48.9647738095238,46.65028571428571,326.55199999999996
Kosovo,3,0.9993490633457145,primary,2021-01-31,2021-02-28,5,4,28,14.9596,14.98875000000001,59.95500000000004
Kosovo,4,0.9933412556252159,primary,2021-03-07,2021-05-09,10,9,63,38.925951515151525,36.413,327.717
Kosovo,5,0.9927587400523387,primary,2021-08-22,2021-09-19,5,4,28,87.19690000000003,83.52975000000004,334.11900000000014
Kuwait,1,0.9975573808732268,primary,2021-02-28,2021-05-30,14,13,91,12.069052747252748,11.49776923076923,149.47099999999998
Kuwait,2,0.9958060097574484,primary,2021-06-27,2021-07-25,5,4,28,20.176499999999997,19.61,78.44
Kyrgyzstan,1,0.992291797442152,primary,2021-07-11,2021-08-15,6,5,35,10.005942857142855,9.718399999999999,48.592
Laos,1,0.996171931907716,primary,2021-10-24,2021-11-14,4,3,21,2.0903,2.0726666666666667,6.218
Laos,2,0.9926275383625457,primary,2021-11-28,2022-01-23,9,8,56,6.215516666666667,6.068875,48.551
Laos,3,0.9962540433445293,primary,2022-02-20,2022-03-13,4,3,21,1.296500000000003,1.3230000000000028,3.9690000000000083
Latvia,1,0.9957533568635055,primary,2020-04-26,2020-05-31,6,5,35,1.2606,1.2757999999999998,6.379
Latvia,2,0.9936231054816462,primary,2020-12-06,2021-03-07,14,13,91,67.28738461538461,63.385000000000005,824.0050000000001
Latvia,3,0.9985687399338791,primary,2021-04-04,2021-05-09,6,5,35,31.56271428571429,31.152600000000028,155.76300000000015
Latvia,4,0.9930334318629745,primary,2021-10-10,2021-11-28,8,7,49,117.90471428571428,110.04442857142855,770.3109999999999
Latvia,5,0.9978076768141486,primary,2021-12-05,2022-01-02,5,4,28,40.24340000000002,40.53575000000001,162.14300000000003
Latvia,6,0.9929929998171442,primary,2022-01-09,2022-04-03,13,12,84,55.61226373626373,50.81358333333333,609.7629999999999
Lebanon,1,0.9978506994447632,primary,2020-09-27,2020-10-25,5,4,28,9.800699999999999,9.6615,38.646
Lebanon,2,0.9930822248177605,primary,2020-12-27,2021-05-02,19,18,126,60.80055438596491,57.28188888888889,1031.074
Lebanon,3,0.9945068128050883,primary,2021-09-12,2021-10-17,6,5,35,8.475200000000015,8.286200000000008,41.43100000000004
Lebanon,4,0.9943448425127578,primary,2021-11-21,2022-03-20,18,17,119,17.950869969040248,16.46594117647058,279.9209999999998
Lesotho,1,0.9917586701019746,fallback≥0.99,2020-07-12,2020-08-02,4,3,21,1.7937,1.75,5.25
Lesotho,2,0.995804299162979,primary,2021-09-05,2021-10-03,5,4,28,20.5152,20.121500000000005,80.48600000000002
Liberia,1,0.9955553195174257,primary,2021-06-20,2021-07-11,4,3,21,6.2528999999999995,6.265333333333333,18.796
Libya,1,0.9950249992973558,primary,2020-09-13,2021-05-09,35,34,238,11.251151260504201,11.02970588235294,375.01
Libya,2,0.9921349898391336,primary,2021-08-15,2021-12-12,18,17,119,13.512851393188853,13.606999999999998,231.31899999999996
Libya,3,0.9960986448387246,primary,2022-01-09,2022-03-06,9,8,56,9.09263333333333,8.825000000000003,70.60000000000002
Lithuania,1,0.9959942775393419,primary,2020-05-10,2020-05-31,4,3,21,2.094500000000001,2.130000000000001,6.390000000000002
Lithuania,2,0.9937528669951137,primary,2020-11-22,2021-01-31,11,10,70,91.06654545454545,84.5959,845.9590000000001
Lithuania,3,0.994896933931334,primary,2021-04-11,2021-06-06,9,8,56,28.281433333333336,27.29037500000001,218.3230000000001
Lithuania,4,0.9927936730670559,primary,2021-09-19,2021-10-24,6,5,35,60.64359999999999,59.9944,299.972
Lithuania,5,0.9921160850882789,primary,2021-11-07,2022-04-03,22,21,147,45.70465104460758,45.84538095238096,962.7530000000002
Low-income countries,1,0.9981289528511476,primary,2021-07-04,2021-08-08,6,5,35,1.3620571428571426,1.3481999999999998,6.741
Lower-middle-income countries,1,0.9930996969857288,primary,2021-05-09,2021-06-20,7,6,42,9.767678571428572,9.7055,58.233000000000004
Luxembourg,1,0.9941562412157742,primary,2020-11-15,2020-12-27,7,6,42,32.63578571428571,31.888666666666666,191.332
Luxembourg,2,0.9975567075426586,primary,2021-01-24,2021-02-21,5,4,28,21.42919999999999,21.046499999999995,84.18599999999998
Luxembourg,3,0.9959413285277967,primary,2022-01-16,2022-02-13,5,4,28,27.55170000000003,26.786250000000024,107.1450000000001
Madagascar,1,0.9926217962096949,primary,2021-04-04,2021-05-30,9,8,56,1.6367,1.564625,12.517
Madagascar,2,0.9931747245364329,primary,2022-01-09,2022-02-06,5,4,28,1.5936000000000008,1.5607500000000005,6.243000000000002
Malaysia,1,0.9962590265725768,primary,2021-01-17,2021-02-28,7,6,42,2.6363214285714287,2.5316666666666667,15.190000000000001
Malaysia,2,0.9976277679866443,primary,2021-05-30,2021-06-27,5,4,28,15.736900000000002,15.960250000000002,63.84100000000001
Malaysia,3,0.9938750023229328,primary,2021-08-01,2021-10-03,10,9,63,58.820418181818184,56.039888888888896,504.35900000000004
Maldives,1,0.9918367346938776,fallback≥0.99,2020-11-01,2020-11-22,4,3,21,5.151599999999999,5.087999999999998,15.263999999999996
Maldives,2,0.9903278780585315,fallback≥0.99,2021-01-24,2021-03-07,7,6,42,4.360928571428571,4.133833333333333,24.802999999999997
Malta,1,0.9943658404260172,primary,2020-10-25,2021-01-03,11,10,70,36.17814545454546,33.8891,338.89099999999996
Malta,2,0.994090280767185,primary,2021-01-24,2021-04-11,12,11,77,26.909192307692305,25.644818181818177,282.09299999999996
Malta,3,0.999999999553616,primary,2021-08-22,2021-09-19,5,4,28,9.466200000000004,9.466250000000002,37.86500000000001
Malta,4,0.9971748520707863,primary,2022-01-09,2022-02-13,6,5,35,38.35179999999999,38.243599999999994,191.21799999999996
Martinique,1,0.9931988373590351,primary,2022-01-16,2022-02-13,5,4,28,35.769500000000015,37.20024999999998,148.80099999999993
Mauritius,1,0.9902494574244414,fallback≥0.99,2021-11-21,2021-12-19,5,4,28,74.13019999999999,73.26825,293.073
Mayotte,1,0.9931059219950995,primary,2020-05-17,2020-06-28,7,6,42,10.412142857142856,10.373166666666668,62.239000000000004
Mexico,1,0.9929981690914219,primary,2020-05-03,2020-10-11,24,23,161,34.633234782608696,32.1205652173913,738.773
Mexico,2,0.9929547822487139,primary,2020-12-13,2021-02-28,12,11,77,59.53146853146853,55.152,606.672
Mexico,3,0.992924520052563,primary,2021-07-18,2021-10-03,12,11,77,34.825975524475524,32.084909090909086,352.93399999999997
Mexico,4,0.9928869671117146,primary,2022-01-23,2022-02-20,5,4,28,26.127399999999987,25.65274999999997,102.61099999999988
Moldova,1,0.997753311023593,primary,2020-04-26,2020-06-07,7,6,42,13.604392857142857,13.3225,79.935
Moldova,2,0.9978311624351567,primary,2020-06-14,2020-08-23,11,10,70,17.62570909090909,17.7304,177.304
Moldova,3,0.9959369092875506,primary,2020-08-30,2020-09-27,5,4,28,23.552700000000005,23.766500000000008,95.06600000000003
Moldova,4,0.994626606535389,primary,2020-11-01,2021-02-07,15,14,98,47.61770714285715,44.78407142857143,626.977
Moldova,5,0.9926964784360044,primary,2021-02-14,2021-03-28,7,6,42,67.04685714285715,66.72183333333335,400.33100000000013
Moldova,6,0.9954351582712132,primary,2021-04-11,2021-05-09,5,4,28,53.519899999999986,52.714,210.856
Moldova,7,0.9926702893904467,primary,2021-10-17,2021-12-05,8,7,49,100.13763095238095,94.26742857142855,659.8719999999998
Moldova,8,0.9952425494660095,primary,2022-01-30,2022-02-27,5,4,28,49.046400000000084,47.533250000000066,190.13300000000027
Mongolia,1,0.9931367435799147,primary,2021-05-30,2021-07-25,9,8,56,16.912716666666668,16.05875,128.47
Mongolia,2,0.9939491947393851,primary,2021-08-29,2021-11-21,13,12,84,27.493489010989013,25.59541666666667,307.14500000000004
Montenegro,1,0.9964887986799469,primary,2020-09-13,2020-10-11,5,4,28,33.677800000000005,33.3525,133.41
Montenegro,2,0.9923824521400023,primary,2020-11-22,2021-01-03,7,6,42,70.0747142857143,68.06033333333335,408.3620000000001
Montenegro,3,0.9925137199347174,primary,2021-01-10,2021-05-16,19,18,126,86.08237719298246,78.09322222222224,1405.6780000000003
Montenegro,4,0.992266746646557,primary,2021-08-15,2022-01-09,22,21,147,64.23435798983625,59.73204761904762,1254.373
Morocco,1,0.9931208877870817,primary,2020-10-25,2020-12-27,10,9,63,12.167472727272727,11.754333333333332,105.78899999999999
Morocco,2,0.9946226979298082,primary,2021-08-15,2021-09-12,5,4,28,17.2144,17.11125,68.445
Mozambique,1,0.9969010885127261,primary,2021-01-24,2021-02-21,5,4,28,2.2721000000000005,2.22,8.88
Mozambique,2,0.993767961638999,primary,2021-07-18,2021-08-15,5,4,28,4.773899999999999,4.654499999999999,18.617999999999995
Myanmar,1,0.9932387417849707,primary,2020-10-04,2021-01-24,17,16,112,3.130936274509804,3.1286875,50.059
Myanmar,2,0.9918593567140248,fallback≥0.99,2021-07-18,2021-08-15,5,4,28,39.42,38.4275,153.71
Myanmar,3,0.9943486247663454,primary,2021-08-22,2021-09-19,5,4,28,12.54729999999999,12.551999999999992,50.20799999999997
Namibia,1,0.9964073771329343,primary,2020-08-09,2020-09-20,7,6,42,6.241464285714287,6.286833333333334,37.721000000000004
Nepal,1,0.99294580518705,primary,2020-09-20,2020-12-20,14,13,91,6.195439560439561,5.671769230769231,73.733
Nepal,2,0.9935303672236042,primary,2020-12-27,2021-01-24,5,4,28,1.8004999999999995,1.8004999999999995,7.201999999999998
Netherlands,1,0.9903755062772962,fallback≥0.99,2020-03-29,2020-04-26,5,4,28,53.38340000000001,53.28275,213.131
Netherlands,2,0.99338508978636,primary,2020-10-18,2021-03-14,22,21,147,26.201522868435916,24.52176190476191,514.9570000000001
Netherlands,3,0.9972359976730528,primary,2021-11-14,2021-12-19,6,5,35,21.951428571428597,21.279600000000027,106.39800000000014
New Caledonia,1,0.991364792753949,fallback≥0.99,2021-09-19,2021-10-17,5,4,28,193.29149999999998,190.6795,762.718
Nicaragua,1,0.9984881367761638,primary,2020-05-31,2020-08-02,10,9,63,1.3263939393939392,1.3372222222222223,12.035
North America,1,0.9936410289431622,primary,2020-04-12,2020-10-18,28,27,189,19.832488779419815,19.975814814814814,539.347
North America,2,0.9926841604949351,primary,2020-11-22,2021-03-14,17,16,112,45.09396078431373,41.24631250000001,659.9410000000001
North America,3,0.9946797598658123,primary,2021-05-02,2021-06-06,6,5,35,9.519942857142853,9.488999999999987,47.444999999999936
North America,4,0.9930182415376503,primary,2021-08-01,2021-11-14,16,15,105,26.61196470588235,24.74146666666667,371.12200000000007
North America,5,0.9936688259785326,primary,2022-01-02,2022-03-06,10,9,63,33.111921212121224,30.86933333333334,277.82400000000007
North Macedonia,1,0.9923868098376811,primary,2020-05-31,2020-08-09,11,10,70,23.252909090909093,21.6276,216.276
North Macedonia,2,0.9953365687350545,primary,2020-08-30,2020-10-11,7,6,42,18.49528571428571,18.022999999999996,108.13799999999998
North Macedonia,3,0.9926137839048881,primary,2020-10-25,2021-01-03,11,10,70,120.57253636363639,111.39880000000001,1113.988
North Macedonia,4,0.9926033403965437,primary,2021-03-07,2021-05-02,9,8,56,134.94636666666668,126.81787500000002,1014.5430000000001
North Macedonia,5,0.9943374683285096,primary,2021-08-15,2021-09-26,7,6,42,109.20582142857143,106.14583333333333,636.875
North Macedonia,6,0.9993555592946023,primary,2021-10-03,2021-10-31,5,4,28,51.13500000000003,51.21650000000011,204.86600000000044
North Macedonia,7,0.9959372000889342,primary,2021-11-07,2021-12-19,7,6,42,49.935285714285655,49.54066666666662,297.2439999999997
North Macedonia,8,0.9922906884262576,primary,2022-01-16,2022-02-27,7,6,42,85.80042857142858,81.33033333333333,487.98199999999997
Norway,1,0.9951705795636339,primary,2021-11-21,2021-12-19,5,4,28,10.610800000000001,10.35425,41.417
Oceania,1,0.9954050988695459,primary,2020-08-09,2020-08-30,4,3,21,2.6369000000000007,2.6413333333333338,7.924000000000001
Oman,1,0.9980433382592478,primary,2020-07-12,2020-11-22,20,19,133,12.542132330827068,12.428473684210525,236.141
Oman,2,0.9984349636366677,primary,2021-04-11,2021-06-06,9,8,56,21.9686,21.431250000000006,171.45000000000005
Oman,3,0.9956080855562892,primary,2021-06-13,2021-07-25,7,6,42,53.047892857142855,50.80799999999999,304.84799999999996
Pakistan,1,0.9942972114705461,primary,2020-06-07,2020-07-12,6,5,35,2.672771428571428,2.6163999999999996,13.081999999999997
Pakistan,2,0.9933284284249119,primary,2020-11-29,2021-04-11,20,19,133,1.4915977443609019,1.5953684210526318,30.312000000000005
Pakistan,3,0.9949581795796967,primary,2021-04-18,2021-05-23,6,5,35,3.3599428571428556,3.3507999999999982,16.75399999999999
Pakistan,4,0.996087818279251,primary,2021-08-08,2021-09-26,8,7,49,2.2515595238095236,2.1848571428571426,15.293999999999997
Palestine,1,0.9942647831353246,primary,2020-11-22,2021-01-24,10,9,63,28.146939393939395,26.242222222222225,236.18
Palestine,2,0.9944917201889114,primary,2021-02-28,2021-05-16,12,11,77,26.312398601398595,24.932363636363633,274.256
Palestine,3,0.9967984012485479,primary,2021-09-12,2021-10-17,6,5,35,19.45765714285714,19.1884,95.94200000000001
Palestine,4,0.9943266982629525,primary,2022-02-06,2022-03-06,5,4,28,20.375900000000012,20.02725000000001,80.10900000000004
Panama,1,0.9923763112396168,primary,2020-06-21,2020-09-06,12,11,77,35.10903846153846,32.597545454545454,358.573
Panama,2,0.9971351467795718,primary,2020-09-13,2020-11-01,8,7,49,17.783749999999994,17.789142857142856,124.524
Panama,3,0.9937703245972916,primary,2020-12-06,2021-02-14,11,10,70,59.69410909090909,55.46759999999999,554.6759999999999
Panama,4,0.9928353280360442,primary,2021-06-27,2021-09-19,13,12,84,12.889818681318685,12.573499999999987,150.88199999999983
Panama,5,0.9921751694593344,primary,2022-01-23,2022-02-20,5,4,28,24.95020000000004,24.20025000000004,96.80100000000016
Papua New Guinea,1,0.991466586231121,fallback≥0.99,2021-10-17,2021-11-14,5,4,28,3.2539000000000002,3.11175,12.447
Paraguay,1,0.9923885339706873,primary,2020-08-30,2020-11-29,14,13,91,17.048406593406593,16.384923076923076,213.004
Paraguay,2,0.9995835425939872,primary,2020-12-06,2021-02-07,10,9,63,16.068484848484847,16.073888888888884,144.66499999999996
Paraguay,3,0.9928962489127736,primary,2021-04-11,2021-08-01,17,16,112,102.38816176470587,94.584875,1513.358
Paraguay,4,0.9952584540382532,primary,2022-01-23,2022-02-27,6,5,35,42.7866285714286,41.35820000000003,206.79100000000017
Peru,1,0.9943215127018931,primary,2020-04-19,2020-10-04,25,24,168,111.81362076923077,101.15004166666665,2427.6009999999997
Peru,2,0.9943672610867957,primary,2021-01-10,2021-06-20,24,23,161,136.4408608695652,123.52991304347825,2841.1879999999996
Peru,3,0.9974312565438482,primary,2021-12-19,2022-01-16,5,4,28,8.636200000000098,8.8275000000001,35.3100000000004
Peru,4,0.9929436704475632,primary,2022-01-23,2022-03-06,7,6,42,35.954857142857136,34.85633333333332,209.13799999999992
Philippines,1,0.998548361872255,primary,2021-08-15,2021-12-12,18,17,119,10.219138286893704,10.292176470588235,174.96699999999998
Poland,1,0.9937218237656252,primary,2020-11-29,2021-04-11,20,19,133,51.68801729323309,56.722,1077.718
Poland,2,0.9989951927349706,primary,2021-11-28,2022-01-02,6,5,35,75.69851428571428,75.80420000000004,379.0210000000002
Poland,3,0.9928952026181952,primary,2022-01-09,2022-03-13,10,9,63,39.11350303030305,39.647222222222254,356.8250000000003
Portugal,1,0.9994116478815156,primary,2020-11-22,2021-01-03,7,6,42,52.208285714285715,51.837999999999994,311.02799999999996
Portugal,2,0.9916925687675043,fallback≥0.99,2021-01-10,2021-02-14,6,5,35,151.18311428571428,142.88079999999997,714.4039999999999
Portugal,3,0.9975798050120932,primary,2021-12-05,2022-01-02,5,4,28,10.809099999999967,10.89549999999997,43.58199999999988
Portugal,4,0.9929481605433835,primary,2022-01-09,2022-03-06,9,8,56,26.70460000000001,25.067000000000007,200.53600000000006
Puerto Rico,1,0.9958123147934481,primary,2020-03-29,2020-05-03,6,5,35,6.1532857142857145,5.985799999999999,29.929
Puerto Rico,2,0.9931360540267516,primary,2020-05-10,2020-06-07,5,4,28,2.0672999999999995,2.0054999999999996,8.021999999999998
Puerto Rico,3,0.9957846684660364,primary,2020-08-02,2020-11-01,14,13,91,15.044351648351649,14.834153846153846,192.844
Puerto Rico,4,0.9941789984734556,primary,2020-11-08,2021-01-17,11,10,70,29.08222727272727,27.522599999999994,275.22599999999994
Puerto Rico,5,0.9969321230673645,primary,2021-04-18,2021-05-23,6,5,35,16.29142857142859,16.044600000000013,80.22300000000007
Puerto Rico,6,0.9939389330721695,primary,2021-08-15,2021-09-26,7,6,42,24.58478571428572,24.11833333333334,144.71000000000004
Qatar,1,0.9927823880043464,primary,2020-05-31,2020-07-19,8,7,49,6.074916666666667,5.828,40.796
Qatar,2,0.9981155752071499,primary,2020-07-26,2020-08-16,4,3,21,3.180600000000002,3.226666666666669,9.680000000000007
Reunion,1,0.9935232004568438,primary,2021-05-16,2021-09-26,20,19,133,12.124396240601504,11.715473684210526,222.594
Reunion,2,0.99305256526491,primary,2022-01-09,2022-03-13,10,9,63,36.15327878787878,33.27433333333333,299.469
Romania,1,0.9996852515683833,primary,2020-08-02,2020-10-04,10,9,63,15.032648484848488,14.886888888888892,133.98200000000003
Romania,2,0.9922284683381253,primary,2020-10-11,2021-06-06,35,34,238,39.49413137254902,38.926117647058824,1323.488
Romania,3,0.9962190181858857,primary,2021-10-10,2021-11-21,7,6,42,141.2172142857143,135.9036666666667,815.4220000000003
Romania,4,0.995552385971523,primary,2022-01-30,2022-03-06,6,5,35,43.4503142857143,41.72860000000001,208.64300000000003
Russia,1,0.9958069996648603,primary,2020-10-18,2021-05-23,32,31,217,22.047329545454545,20.894193548387097,647.72
Russia,2,0.9923007194850574,primary,2021-05-30,2021-06-27,5,4,28,20.479399999999988,20.813249999999982,83.25299999999993
Russia,3,0.9933904908907535,primary,2021-07-04,2022-04-03,40,39,273,44.128925422138835,40.40887179487179,1575.946
Rwanda,1,0.9949635159491276,primary,2021-01-10,2021-02-14,6,5,35,1.7622285714285713,1.7288000000000001,8.644
Rwanda,2,0.9949707293766314,primary,2021-07-04,2021-08-29,9,8,56,5.602783333333334,5.576499999999999,44.611999999999995
Rwanda,3,0.9964510254209946,primary,2021-09-05,2021-10-03,5,4,28,3.018199999999999,3.003499999999999,12.013999999999996
Saint Lucia,1,0.9944760487137572,primary,2021-01-31,2021-03-28,9,8,56,33.18531666666667,31.460875,251.687
Saint Lucia,2,0.9924389502423963,primary,2021-10-10,2021-11-21,7,6,42,52.13507142857145,52.201666666666675,313.21000000000004
Saint Martin (French part),1,0.9999999999749473,primary,2022-01-16,2022-02-13,5,4,28,34.60449999999999,34.60449999999997,138.4179999999999
San Marino,1,0.9941493253134808,primary,2020-11-29,2021-01-10,7,6,42,98.41246428571428,97.7145,586.287
Saudi Arabia,1,0.9952781952399518,primary,2020-06-28,2020-07-26,5,4,28,9.24,9.26175,37.047
Senegal,1,0.9931402036566206,primary,2021-01-03,2021-04-04,14,13,91,3.006637362637362,2.8196153846153846,36.655
Senegal,2,0.9936922667783223,primary,2021-07-25,2021-08-29,6,5,35,5.5083142857142855,5.359399999999999,26.796999999999997
Serbia,1,0.9954025823505538,primary,2020-04-05,2020-05-10,6,5,35,5.149542857142857,4.977,24.885
Serbia,2,0.99313074745083,primary,2020-11-15,2021-01-17,10,9,63,48.17451515151516,44.845555555555556,403.61
Serbia,3,0.9922462552544541,primary,2021-03-07,2021-05-16,11,10,70,33.55934545454546,31.24620000000001,312.4620000000001
Serbia,4,0.992816108726188,primary,2021-09-05,2021-12-26,17,16,112,52.70540196078432,47.947937499999995,767.1669999999999
Serbia,5,0.9948766180665191,primary,2022-01-23,2022-03-06,7,6,42,55.95967857142855,53.15666666666664,318.9399999999998
Singapore,1,0.9992971328842197,primary,2021-10-17,2021-11-21,6,5,35,15.413771428571428,15.186200000000003,75.93100000000001
Singapore,2,0.9927151152743767,primary,2022-02-27,2022-03-27,5,4,28,10.584199999999996,10.575249999999997,42.30099999999999
Slovakia,1,0.9946760621439504,primary,2020-12-27,2021-05-09,20,19,133,103.81177067669172,98.5281052631579,1872.034
Slovakia,2,0.9921588018009213,primary,2021-11-14,2022-01-02,8,7,49,88.26784523809523,82.58428571428574,578.0900000000001
Slovakia,3,0.997942431731942,primary,2022-01-23,2022-02-20,5,4,28,26.89470000000001,27.269250000000056,109.07700000000023
Slovakia,4,0.9938728553589651,primary,2022-02-27,2022-03-27,5,4,28,37.58319999999994,37.31824999999992,149.27299999999968
Slovenia,1,0.9941937676266787,primary,2020-11-15,2021-01-03,8,7,49,154.09221428571428,149.4602857142857,1046.222
Slovenia,2,0.9908082095011012,fallback≥0.99,2021-01-10,2021-02-07,5,4,28,76.9656,76.351,305.404
Slovenia,3,0.9961021785350982,primary,2021-03-28,2021-05-09,7,6,42,22.99642857142854,22.771333333333285,136.6279999999997
Slovenia,4,0.9974448561433312,primary,2021-09-19,2021-10-24,6,5,35,22.246857142857152,22.314400000000024,111.57200000000012
Slovenia,5,0.9961305386016136,primary,2021-10-31,2021-12-19,8,7,49,60.502250000000004,57.812000000000026,404.6840000000002
Slovenia,6,0.9951832293332872,primary,2022-01-23,2022-03-06,7,6,42,74.15607142857145,70.599,423.59400000000005
Somalia,1,0.9947891960679698,primary,2021-02-28,2021-04-25,9,8,56,3.3301833333333337,3.216,25.728
Somalia,2,0.992621410927028,primary,2021-08-08,2021-09-26,8,7,49,2.099190476190477,2.0544285714285713,14.381
Somalia,3,0.9901413340618234,fallback≥0.99,2021-10-03,2021-10-24,4,3,21,1.792000000000001,1.8163333333333351,5.449000000000005
South Africa,1,0.9922651888172531,primary,2020-07-05,2020-08-30,9,8,56,23.48068333333333,21.952749999999998,175.62199999999999
South Africa,2,0.9928393155321013,primary,2020-12-20,2021-02-07,8,7,49,52.83822619047619,49.56157142857143,346.93100000000004
South Africa,3,0.9933891917774791,primary,2021-06-27,2021-09-19,13,12,84,36.97788461538462,35.18583333333333,422.2299999999999
South Africa,4,0.9957750616552092,primary,2022-01-09,2022-02-13,6,5,35,14.441228571428583,14.79340000000002,73.9670000000001
South America,1,0.9932126868407383,primary,2020-05-03,2020-11-15,29,28,196,32.11956995073892,29.352249999999998,821.8629999999999
South America,2,0.9986283141686876,primary,2020-11-29,2020-12-27,5,4,28,19.149799999999992,19.133499999999998,76.53399999999999
South America,3,0.9924267984618227,primary,2021-01-31,2021-08-15,29,28,196,58.308636453201956,52.67578571428571,1474.9219999999998
South America,4,0.9929968029099729,primary,2022-01-23,2022-03-06,7,6,42,22.236642857142865,21.51333333333332,129.07999999999993
South Korea,1,0.9909689234178007,fallback≥0.99,2020-12-27,2021-01-24,5,4,28,2.6436,2.61175,10.447
Spain,1,0.9914814963092761,fallback≥0.99,2020-03-22,2020-04-19,5,4,28,105.1656,103.7355,414.942
Spain,2,0.9925733656525341,primary,2020-11-22,2021-01-03,7,6,42,28.37985714285715,29.145999999999997,174.87599999999998
Spain,3,0.9951920786616647,primary,2021-01-10,2021-02-14,6,5,35,66.94582857142855,64.08319999999999,320.41599999999994
Spain,4,0.996069976729883,primary,2021-04-18,2021-05-16,5,4,28,9.439899999999966,9.418999999999983,37.67599999999993
Spain,5,0.9952650509667382,primary,2021-08-08,2021-09-05,5,4,28,14.200799999999981,14.212249999999983,56.84899999999993
Spain,6,0.9949722432842592,primary,2022-01-02,2022-02-20,8,7,49,31.060464285714282,29.331142857142854,205.31799999999998
Sri Lanka,1,0.9936265509443252,primary,2021-01-31,2021-02-28,5,4,28,1.7474000000000003,1.6970000000000005,6.788000000000002
Sri Lanka,2,0.9949788391245608,primary,2021-05-30,2021-07-18,8,7,49,14.583916666666669,14.27014285714286,99.89100000000002
Sri Lanka,3,0.9955531160778885,primary,2021-08-08,2021-09-19,7,6,42,53.96017857142857,51.609500000000004,309.65700000000004
Sudan,1,0.99642584663441,primary,2020-05-31,2020-06-21,4,3,21,1.7517000000000003,1.7483333333333337,5.245000000000001
Sudan,2,0.9951866316795385,primary,2020-12-20,2021-01-17,5,4,28,1.2736000000000005,1.2452500000000004,4.981000000000002
Suriname,1,0.9937663015544004,primary,2021-05-23,2021-07-18,9,8,56,75.74135,73.013375,584.107
Suriname,2,0.993430828122837,primary,2021-09-19,2021-10-31,7,6,42,80.11996428571429,76.49033333333334,458.942
Suriname,3,0.9925860310130544,primary,2022-01-09,2022-02-13,6,5,35,33.65277142857145,32.73580000000002,163.6790000000001
Sweden,1,0.9940432893755593,primary,2020-04-05,2020-05-17,7,6,42,53.31257142857142,52.95266666666666,317.71599999999995
Sweden,2,0.9972609521925452,primary,2020-05-24,2020-06-21,5,4,28,23.332900000000006,23.218500000000006,92.87400000000002
Sweden,3,0.9934021926804736,primary,2020-11-15,2021-02-07,13,12,84,52.63388461538462,48.46325000000001,581.5590000000001
Sweden,4,0.9993836074655509,primary,2021-04-04,2021-05-02,5,4,28,12.519800000000009,12.443500000000029,49.774000000000115
Sweden,5,0.9941602498539841,primary,2022-01-16,2022-03-20,10,9,63,29.011636363636363,27.61011111111111,248.49099999999999
Switzerland,1,0.994729365920404,primary,2020-11-01,2021-01-24,13,12,84,64.9647032967033,62.38499999999999,748.6199999999999
Switzerland,2,0.9939464855520611,primary,2021-12-19,2022-02-27,11,10,70,11.882499999999995,12.067599999999993,120.67599999999993
Syria,1,0.995878074619086,primary,2020-12-20,2021-01-31,7,6,42,2.3309642857142854,2.3373333333333335,14.024000000000001
Syria,2,0.9934945552975378,primary,2021-03-07,2021-05-23,12,11,77,2.932996503496503,2.715727272727273,29.873000000000005
Syria,3,0.9939726210080809,primary,2021-09-05,2021-11-21,12,11,77,2.9010979020979017,2.6954545454545458,29.650000000000006
Syria,4,0.9939712643230261,primary,2021-11-28,2022-01-09,7,6,42,1.419821428571429,1.4171666666666667,8.503
Thailand,1,0.9925862183224315,primary,2021-07-25,2021-09-26,10,9,63,20.358406060606065,18.910555555555554,170.195
Trinidad and Tobago,1,0.9957275255485365,primary,2021-05-09,2021-06-13,6,5,35,61.557885714285725,59.8962,299.481
Trinidad and Tobago,2,0.9937315119793113,primary,2021-06-20,2021-09-26,15,14,98,33.727425000000004,34.76121428571428,486.6569999999999
Trinidad and Tobago,3,0.9927098260640619,primary,2021-11-07,2022-02-06,14,13,91,95.39194725274724,87.16007692307691,1133.081
Tunisia,1,0.9938398214892465,primary,2020-10-11,2021-03-21,24,23,161,31.091564347826086,28.95121739130435,665.878
Tunisia,2,0.9956259899281777,primary,2021-04-04,2021-06-06,10,9,63,38.52446060606061,36.828111111111106,331.453
Tunisia,3,0.9937863995155198,primary,2021-06-20,2021-08-29,11,10,70,82.81358181818182,77.6363,776.363
Tunisia,4,0.9954132329549159,primary,2022-01-23,2022-02-27,6,5,35,30.777257142857135,29.523199999999996,147.61599999999999
Turkey,1,0.9928913533035553,primary,2020-11-29,2021-01-31,10,9,63,16.582436363636365,15.943333333333332,143.48999999999998
Turkey,2,0.992412407535919,primary,2021-04-04,2021-05-30,9,8,56,23.063450000000003,21.814375000000005,174.51500000000004
Turkey,3,0.9970780234251984,primary,2021-08-22,2022-03-27,32,31,217,16.02627694281525,16.14451612903226,500.48000000000013
Ukraine,1,0.9926652630013039,primary,2020-11-08,2021-01-31,13,12,84,29.634285714285717,28.83158333333333,345.979
Ukraine,2,0.992705028705925,primary,2021-03-07,2021-05-23,12,11,77,53.48568531468531,49.27845454545456,542.0630000000001
Ukraine,3,0.995402688985615,primary,2021-10-17,2021-12-12,9,8,56,96.78363333333336,92.58187500000003,740.6550000000002
United Arab Emirates,1,0.9949179290899125,primary,2020-05-24,2020-06-21,5,4,28,1.3669999999999998,1.3914999999999997,5.565999999999999
United Kingdom,1,0.9947425766702016,primary,2020-03-29,2020-05-03,6,5,35,114.18788571428571,109.21480000000001,546.0740000000001
United Kingdom,2,0.9998843992101406,primary,2020-11-15,2020-12-13,5,4,28,48.667299999999976,48.515499999999975,194.0619999999999
United Kingdom,3,0.9932218296687103,primary,2020-12-27,2021-02-14,8,7,49,113.05185714285714,106.14871428571428,743.0409999999999
United Kingdom,4,0.9970066296373772,primary,2021-08-08,2022-04-03,35,34,238,15.662740896358539,14.764705882352942,502.0
United States,1,0.9962348735635957,primary,2020-04-05,2020-05-17,7,6,42,40.42071428571428,39.6295,237.77700000000002
United States,2,0.9922633447170289,primary,2020-07-12,2020-09-27,12,11,77,19.368262237762238,19.003818181818186,209.04200000000003
United States,3,0.9934072524393144,primary,2020-11-15,2021-03-14,18,17,119,54.48108255933952,49.67588235294118,844.49
United States,4,0.9920169886008109,primary,2021-08-08,2021-12-12,19,18,126,30.53696315789475,28.88583333333334,519.9450000000002
United States,5,0.9925006376951908,primary,2021-12-19,2022-03-13,13,12,84,43.22821428571428,39.98141666666667,479.77700000000004
United States Virgin Islands,1,0.9918045575020624,fallback≥0.99,2021-09-12,2021-10-10,5,4,28,25.427399999999988,26.00524999999999,104.02099999999996
United States Virgin Islands,2,0.9945716619142186,primary,2022-01-16,2022-02-20,6,5,35,38.96657142857141,39.29679999999998,196.48399999999992
Upper-middle-income countries,1,0.9993661507196826,primary,2020-07-19,2020-08-30,7,6,42,8.734964285714284,8.690999999999997,52.14599999999999
Upper-middle-income countries,2,0.9988307573265753,primary,2020-12-20,2021-10-10,43,42,294,12.633213228631831,12.101857142857142,508.27799999999996
Uruguay,1,0.9944026298336822,primary,2021-01-03,2021-02-21,8,7,49,16.314583333333335,15.587857142857144,109.11500000000001
Uruguay,2,0.9946962489037632,primary,2021-04-11,2021-07-04,13,12,84,107.71516483516483,105.1585,1261.902
Uruguay,3,0.9929815515021893,primary,2022-01-23,2022-02-20,5,4,28,42.9972,42.024,168.096
Uzbekistan,1,0.9989150464284764,primary,2021-08-08,2021-09-12,6,5,35,1.3035428571428571,1.2937999999999998,6.468999999999999
Venezuela,1,0.9933908798928842,primary,2020-08-16,2020-11-01,12,11,77,1.771,1.6981818181818182,18.68
Venezuela,2,0.99302783091243,primary,2021-01-24,2021-12-26,49,48,336,3.472144387755103,3.0836875,148.017
Vietnam,1,0.994389252308566,primary,2021-08-08,2021-09-26,8,7,49,22.240083333333335,21.765142857142855,152.356
Vietnam,2,0.992250921383045,primary,2021-12-05,2022-01-30,9,8,56,14.623883333333334,14.305750000000003,114.44600000000003
World,1,0.9975724293171812,primary,2020-11-22,2021-03-07,16,15,105,10.937164705882354,10.458066666666666,156.87099999999998
World,2,0.9975785219308805,primary,2021-03-28,2021-06-20,13,12,84,10.517967032967036,10.183750000000003,122.20500000000004
World,3,0.9995287597102018,primary,2021-08-08,2021-09-12,6,5,35,8.631314285714293,8.572800000000006,42.86400000000003
Yemen,1,0.9991089519389951,primary,2021-03-28,2021-04-18,4,3,21,2.5118,2.503,7.509
Yemen,2,0.991347882529183,fallback≥0.99,2021-09-12,2021-10-03,4,3,21,1.409900000000001,1.4386666666666674,4.3160000000000025
Zambia,1,0.9953512815691041,primary,2021-01-10,2021-02-28,8,7,49,4.576309523809523,4.373714285714286,30.616
Zimbabwe,1,0.9939898921427819,primary,2021-07-11,2021-08-08,5,4,28,27.0332,26.44825,105.793
